state_id,state_name,statefp,GEOID,county,Nov. 19
1,FL,12,12001,Alachua,3.08
1,FL,12,12003,Baker,3.002
1,FL,12,12005,Bay,2.76
1,FL,12,12007,Bradford,3.013
1,FL,12,12009,Brevard,3.044
1,FL,12,12011,Broward,3.069
1,FL,12,12013,Calhoun,2.899
1,FL,12,12015,Charlotte,3.053
1,FL,12,12017,Citrus,3.082
1,FL,12,12019,Clay,3.098
1,FL,12,12021,Collier,3.154
1,FL,12,12023,Columbia,3.044
1,FL,NA,NA,De Soto,3.124
1,FL,12,12029,Dixie,2.933
1,FL,12,12031,Duval,3.052
1,FL,12,12033,Escambia,2.77
1,FL,12,12035,Flagler,3.033
1,FL,12,12037,Franklin,2.924
1,FL,12,12039,Gadsden,2.863
1,FL,12,12041,Gilchrist,2.894
1,FL,12,12043,Glades,3.026
1,FL,12,12045,Gulf,2.92
1,FL,12,12047,Hamilton,3.017
1,FL,12,12049,Hardee,2.984
1,FL,12,12051,Hendry,3.088
1,FL,12,12053,Hernando,3.101
1,FL,12,12055,Highlands,2.989
1,FL,12,12057,Hillsborough,3.082
1,FL,12,12059,Holmes,2.891
1,FL,12,12061,Indian River,3.038
1,FL,12,12063,Jackson,2.833
1,FL,12,12065,Jefferson,3.034
1,FL,12,12067,Lafayette,3.052
1,FL,12,12069,Lake,3.061
1,FL,12,12071,Lee,3.087
1,FL,12,12073,Leon,2.919
1,FL,12,12075,Levy,3.077
1,FL,12,12077,Liberty,2.897
1,FL,12,12079,Madison,2.942
1,FL,12,12081,Manatee,3.099
1,FL,12,12083,Marion,3.063
1,FL,12,12085,Martin,3.11
1,FL,12,12086,Miami Dade,3.161
1,FL,12,12087,Monroe,3.302
1,FL,12,12089,Nassau,3.118
1,FL,12,12091,Okaloosa,2.737
1,FL,12,12093,Okeechobee,3.065
1,FL,12,12095,Orange,3.118
1,FL,12,12097,Osceola,3.116
1,FL,12,12099,Palm Beach,3.192
1,FL,12,12101,Pasco,3.054
1,FL,12,12103,Pinellas,3.075
1,FL,12,12105,Polk,3.04
1,FL,12,12107,Putnam,2.995
1,FL,12,12113,Santa Rosa,2.755
1,FL,12,12115,Sarasota,3.091
1,FL,12,12117,Seminole,3.104
1,FL,12,12109,St. Johns,3.114
1,FL,12,12111,St. Lucie,3.045
1,FL,12,12119,Sumter,3.041
1,FL,12,12121,Suwannee,3.071
1,FL,12,12123,Taylor,2.958
1,FL,12,12125,Union,3.145
1,FL,12,12127,Volusia,3.085
1,FL,12,12129,Wakulla,2.866
1,FL,12,12131,Walton,2.79
1,FL,12,12133,Washington,2.918
2,AL,01,01001,Autauga,2.77
2,AL,01,01003,Baldwin,2.781
2,AL,01,01005,Barbour,2.793
2,AL,01,01007,Bibb,2.756
2,AL,01,01009,Blount,2.68
2,AL,01,01011,Bullock,2.799
2,AL,01,01013,Butler,2.798
2,AL,01,01015,Calhoun,2.698
2,AL,01,01017,Chambers,2.73
2,AL,01,01019,Cherokee,2.621
2,AL,01,01021,Chilton,2.723
2,AL,01,01023,Choctaw,2.941
2,AL,01,01025,Clarke,2.794
2,AL,01,01027,Clay,2.659
2,AL,01,01029,Cleburne,2.769
2,AL,01,01031,Coffee,2.727
2,AL,01,01033,Colbert,2.702
2,AL,01,01035,Conecuh,2.891
2,AL,01,01037,Coosa,2.759
2,AL,01,01039,Covington,2.755
2,AL,01,01041,Crenshaw,2.851
2,AL,01,01043,Cullman,2.642
2,AL,01,01045,Dale,2.758
2,AL,01,01047,Dallas,2.845
2,AL,NA,NA,De Kalb,2.701
2,AL,01,01051,Elmore,2.748
2,AL,01,01053,Escambia,2.756
2,AL,01,01055,Etowah,2.649
2,AL,01,01057,Fayette,2.905
2,AL,01,01059,Franklin,2.708
2,AL,01,01061,Geneva,2.795
2,AL,01,01063,Greene,3.011
2,AL,01,01065,Hale,2.781
2,AL,01,01067,Henry,2.739
2,AL,01,01069,Houston,2.753
2,AL,01,01071,Jackson,2.734
2,AL,01,01073,Jefferson,2.742
2,AL,01,01075,Lamar,2.907
2,AL,01,01077,Lauderdale,2.72
2,AL,01,01079,Lawrence,2.692
2,AL,01,01081,Lee,2.752
2,AL,01,01083,Limestone,2.703
2,AL,01,01085,Lowndes,2.846
2,AL,01,01087,Macon,2.782
2,AL,01,01089,Madison,2.706
2,AL,01,01091,Marengo,2.785
2,AL,01,01093,Marion,2.919
2,AL,01,01095,Marshall,2.65
2,AL,01,01097,Mobile,2.716
2,AL,01,01099,Monroe,2.795
2,AL,01,01101,Montgomery,2.777
2,AL,01,01103,Morgan,2.662
2,AL,01,01105,Perry,2.999
2,AL,01,01107,Pickens,2.742
2,AL,01,01109,Pike,2.798
2,AL,01,01111,Randolph,2.809
2,AL,01,01113,Russell,2.767
2,AL,01,01117,Shelby,2.73
2,AL,01,01115,St. Clair,2.702
2,AL,01,01119,Sumter,2.952
2,AL,01,01121,Talladega,2.74
2,AL,01,01123,Tallapoosa,2.762
2,AL,01,01125,Tuscaloosa,2.715
2,AL,01,01127,Walker,2.717
2,AL,01,01129,Washington,2.869
2,AL,01,01131,Wilcox,2.869
2,AL,01,01133,Winston,2.749
4,AK,02,02013,Aleutians East,NA
4,AK,02,02016,Aleutians West,NA
4,AK,02,02020,Anchorage,3.941
4,AK,02,02050,Bethel,NA
4,AK,02,02060,Bristol Bay,NA
4,AK,02,02068,Denali,3.599
4,AK,02,02070,Dillingham,NA
4,AK,02,02090,Fairbanks North Star,3.635
4,AK,02,02100,Haines,3.239
4,AK,NA,NA,Juneau,3.737
4,AK,02,02122,Kenai Peninsula,3.722
4,AK,02,02130,Ketchikan Gateway,3.826
4,AK,02,02150,Kodiak Island,4.529
4,AK,02,02170,Matanuska Susitna,3.498
4,AK,02,02180,Nome,NA
4,AK,02,02185,North Slope,NA
4,AK,02,02188,Northwest Arctic,NA
4,AK,02,02164,Lake and Peninsula,NA
4,AK,NA,NA,Prince Wales Ketchikan,4.759
4,AK,NA,NA,Sitka,4.214
4,AK,02,02232,Skagway Hoonah Angoon,NA
4,AK,02,02240,Southeast Fairbanks,3.722
4,AK,02,02261,Valdez Cordova,4.316
4,AK,02,02270,Wade Hampton,NA
4,AK,02,02280,Wrangell Petersburg,3.839
4,AK,NA,NA,Yakutat,NA
4,AK,02,02290,Yukon Koyukuk,3.709
5,AZ,04,04001,Apache,3.146
5,AZ,04,04003,Cochise,3.101
5,AZ,04,04005,Coconino,3.283
5,AZ,04,04007,Gila,3.2
5,AZ,04,04009,Graham,3.257
5,AZ,04,04011,Greenlee,2.924
5,AZ,04,04012,La Paz,3.064
5,AZ,04,04013,Maricopa,3.57
5,AZ,04,04015,Mohave,3.267
5,AZ,04,04017,Navajo,3.113
5,AZ,04,04019,Pima,3.13
5,AZ,04,04021,Pinal,3.271
5,AZ,04,04023,Santa Cruz,3.144
5,AZ,04,04025,Yavapai,3.183
5,AZ,04,04027,Yuma,3.176
6,AR,05,05001,Arkansas,2.608
6,AR,05,05003,Ashley,2.755
6,AR,05,05005,Baxter,2.685
6,AR,05,05007,Benton,2.694
6,AR,05,05009,Boone,2.785
6,AR,05,05011,Bradley,2.752
6,AR,05,05013,Calhoun,2.849
6,AR,05,05015,Carroll,2.787
6,AR,05,05017,Chicot,2.555
6,AR,05,05019,Clark,2.636
6,AR,05,05021,Clay,2.664
6,AR,05,05023,Cleburne,2.652
6,AR,05,05025,Cleveland,2.749
6,AR,05,05027,Columbia,2.865
6,AR,05,05029,Conway,2.591
6,AR,05,05031,Craighead,2.644
6,AR,05,05033,Crawford,2.583
6,AR,05,05035,Crittenden,2.64
6,AR,05,05037,Cross,2.679
6,AR,05,05039,Dallas,2.774
6,AR,05,05041,Desha,2.835
6,AR,05,05043,Drew,2.609
6,AR,05,05045,Faulkner,2.577
6,AR,05,05047,Franklin,2.66
6,AR,05,05049,Fulton,2.699
6,AR,05,05051,Garland,2.564
6,AR,05,05053,Grant,2.574
6,AR,05,05055,Greene,2.633
6,AR,05,05057,Hempstead,2.787
6,AR,05,05059,Hot Spring,2.555
6,AR,05,05061,Howard,2.812
6,AR,05,05063,Independence,2.653
6,AR,05,05065,Izard,2.799
6,AR,05,05067,Jackson,2.749
6,AR,05,05069,Jefferson,2.63
6,AR,05,05071,Johnson,2.617
6,AR,05,05073,Lafayette,2.935
6,AR,05,05075,Lawrence,2.644
6,AR,05,05077,Lee,2.824
6,AR,05,05079,Lincoln,2.824
6,AR,05,05081,Little River,2.663
6,AR,05,05083,Logan,2.695
6,AR,05,05085,Lonoke,2.579
6,AR,05,05087,Madison,2.674
6,AR,05,05089,Marion,2.721
6,AR,05,05091,Miller,2.723
6,AR,05,05093,Mississippi,2.707
6,AR,05,05095,Monroe,2.6
6,AR,05,05097,Montgomery,2.632
6,AR,05,05099,Nevada,2.6
6,AR,05,05101,Newton,2.699
6,AR,05,05103,Ouachita,2.753
6,AR,05,05105,Perry,2.699
6,AR,05,05107,Phillips,2.681
6,AR,05,05109,Pike,2.611
6,AR,05,05111,Poinsett,2.724
6,AR,05,05113,Polk,2.729
6,AR,05,05115,Pope,2.749
6,AR,05,05117,Prairie,2.636
6,AR,05,05119,Pulaski,2.637
6,AR,05,05121,Randolph,2.576
6,AR,05,05125,Saline,2.62
6,AR,05,05127,Scott,2.693
6,AR,05,05129,Searcy,2.597
6,AR,05,05131,Sebastian,2.625
6,AR,05,05133,Sevier,2.709
6,AR,05,05135,Sharp,2.653
6,AR,05,05123,St. Francis,2.657
6,AR,05,05137,Stone,2.689
6,AR,05,05139,Union,2.775
6,AR,05,05141,Van Buren,2.573
6,AR,05,05143,Washington,2.733
6,AR,05,05145,White,2.59
6,AR,05,05147,Woodruff,2.649
6,AR,05,05149,Yell,2.679
7,CA,06,06001,Alameda,4.522
7,CA,06,06003,Alpine,NA
7,CA,06,06005,Amador,4.446
7,CA,06,06007,Butte,4.302
7,CA,06,06009,Calaveras,4.466
7,CA,06,06011,Colusa,4.467
7,CA,06,06013,Contra Costa,4.544
7,CA,06,06015,Del Norte,4.688
7,CA,06,06017,El Dorado,4.644
7,CA,06,06019,Fresno,4.503
7,CA,06,06021,Glenn,4.604
7,CA,06,06023,Humboldt,5.026
7,CA,06,06025,Imperial,4.551
7,CA,06,06027,Inyo,5.042
7,CA,06,06029,Kern,4.619
7,CA,06,06031,Kings,4.343
7,CA,06,06033,Lake,4.309
7,CA,06,06035,Lassen,4.712
7,CA,06,06037,Los Angeles,4.813
7,CA,06,06039,Madera,4.525
7,CA,06,06041,Marin,4.606
7,CA,06,06043,Mariposa,4.652
7,CA,06,06045,Mendocino,4.747
7,CA,06,06047,Merced,4.432
7,CA,06,06049,Modoc,4.299
7,CA,06,06051,Mono,5.974
7,CA,06,06053,Monterey,4.654
7,CA,06,06055,Napa,4.716
7,CA,06,06057,Nevada,4.972
7,CA,06,06059,Orange,4.747
7,CA,06,06061,Placer,4.559
7,CA,06,06063,Plumas,4.719
7,CA,06,06065,Riverside,4.68
7,CA,06,06067,Sacramento,4.403
7,CA,06,06069,San Benito,4.639
7,CA,06,06071,San Bernardino,4.66
7,CA,06,06073,San Diego,4.865
7,CA,06,06075,San Francisco,4.585
7,CA,06,06077,San Joaquin,4.343
7,CA,06,06079,San Luis Obispo,4.819
7,CA,06,06081,San Mateo,4.637
7,CA,06,06083,Santa Barbara,4.717
7,CA,06,06085,Santa Clara,4.445
7,CA,06,06087,Santa Cruz,4.589
7,CA,06,06089,Shasta,4.303
7,CA,06,06091,Sierra,5.074
7,CA,06,06093,Siskiyou,4.742
7,CA,06,06095,Solano,4.473
7,CA,06,06097,Sonoma,4.658
7,CA,06,06099,Stanislaus,4.315
7,CA,06,06101,Sutter,4.263
7,CA,06,06103,Tehama,4.256
7,CA,06,06105,Trinity,5.003
7,CA,06,06107,Tulare,4.479
7,CA,06,06109,Tuolumne,4.423
7,CA,06,06111,Ventura,4.824
7,CA,06,06113,Yolo,4.487
7,CA,06,06115,Yuba,4.221
8,CO,08,08001,Adams,2.666
8,CO,08,08003,Alamosa,3.045
8,CO,08,08005,Arapahoe,2.702
8,CO,08,08007,Archuleta,2.999
8,CO,08,08009,Baca,3.096
8,CO,08,08011,Bent,2.946
8,CO,08,08013,Boulder,2.839
8,CO,08,08014,Broomfield,2.648
8,CO,08,08015,Chaffee,3.316
8,CO,08,08017,Cheyenne,2.912
8,CO,08,08019,Clear Creek,2.955
8,CO,08,08021,Conejos,3.119
8,CO,08,08023,Costilla,2.979
8,CO,08,08025,Crowley,2.959
8,CO,08,08027,Custer,2.999
8,CO,08,08029,Delta,3.02
8,CO,08,08031,Denver,2.741
8,CO,08,08033,Dolores,3.246
8,CO,08,08035,Douglas,2.775
8,CO,08,08037,Eagle,3.422
8,CO,08,08041,El Paso,2.713
8,CO,08,08039,Elbert,2.841
8,CO,08,08043,Fremont,2.715
8,CO,08,08045,Garfield,3.213
8,CO,08,08047,Gilpin,3.469
8,CO,08,08049,Grand,3.155
8,CO,08,08051,Gunnison,3.129
8,CO,08,08053,Hinsdale,3.849
8,CO,08,08055,Huerfano,3.08
8,CO,08,08057,Jackson,3.499
8,CO,08,08059,Jefferson,2.738
8,CO,08,08061,Kiowa,2.879
8,CO,08,08063,Kit Carson,2.86
8,CO,08,08067,La Plata,3.03
8,CO,08,08065,Lake,3.257
8,CO,08,08069,Larimer,2.759
8,CO,08,08071,Las Animas,2.914
8,CO,08,08073,Lincoln,2.896
8,CO,08,08075,Logan,3.051
8,CO,08,08077,Mesa,2.977
8,CO,08,08079,Mineral,3.399
8,CO,08,08081,Moffat,3.337
8,CO,08,08083,Montezuma,3.135
8,CO,08,08085,Montrose,3.025
8,CO,08,08087,Morgan,2.86
8,CO,08,08089,Otero,2.944
8,CO,08,08091,Ouray,3.254
8,CO,08,08093,Park,3.332
8,CO,08,08095,Phillips,3.372
8,CO,08,08097,Pitkin,4.393
8,CO,08,08099,Prowers,2.863
8,CO,08,08101,Pueblo,2.704
8,CO,08,08103,Rio Blanco,3.492
8,CO,08,08105,Rio Grande,3.074
8,CO,08,08107,Routt,3.703
8,CO,08,08109,Saguache,3.249
8,CO,08,08111,San Juan,3.299
8,CO,08,08113,San Miguel,3.354
8,CO,08,08115,Sedgwick,2.987
8,CO,08,08117,Summit,2.94
8,CO,08,08119,Teller,2.879
8,CO,08,08121,Washington,2.959
8,CO,08,08123,Weld,2.663
8,CO,08,08125,Yuma,3.093
9,CT,09,09001,Fairfield,3.182
9,CT,09,09003,Hartford,3.073
9,CT,09,09005,Litchfield,3.066
9,CT,09,09007,Middlesex,3.05
9,CT,09,09009,New Haven,3.052
9,CT,09,09011,New London,3.071
9,CT,09,09013,Tolland,3.042
9,CT,09,09015,Windham,3.106
10,DE,10,10001,Kent,3.15
10,DE,10,10003,New castle,3.105
10,DE,10,10005,Sussex,3.169
11,GA,13,13001,Appling,2.805
11,GA,13,13003,Atkinson,2.884
11,GA,13,13005,Bacon,2.849
11,GA,13,13021,Bibb,2.831
11,GA,13,13031,Bulloch,2.921
11,GA,13,13009,Baldwin,2.84
11,GA,13,13025,Brantley,2.902
11,GA,13,13017,Ben Hill,2.773
11,GA,13,13019,Berrien,2.822
11,GA,13,13007,Baker,2.899
11,GA,13,13023,Bleckley,2.867
11,GA,13,13011,Banks,2.803
11,GA,13,13027,Brooks,2.942
11,GA,13,13029,Bryan,2.913
11,GA,13,13035,Butts,2.904
11,GA,13,13015,Bartow,2.759
11,GA,13,13033,Burke,2.928
11,GA,13,13013,Barrow,2.798
11,GA,13,13051,Chatham,2.991
11,GA,13,13067,Cobb,2.865
11,GA,13,13053,Chattahoochee,2.906
11,GA,13,13079,Crawford,2.949
11,GA,13,13057,Cherokee,2.842
11,GA,13,13069,Coffee,2.84
11,GA,13,13055,Chattooga,2.702
11,GA,13,13049,Charlton,2.906
11,GA,13,13065,Clinch,2.924
11,GA,13,13059,Clarke,2.865
11,GA,13,13037,Calhoun,2.999
11,GA,13,13039,Camden,2.847
11,GA,13,13043,Candler,2.834
11,GA,13,13075,Cook,2.892
11,GA,13,13081,Crisp,2.732
11,GA,13,13071,Colquitt,2.843
11,GA,13,13045,Carroll,2.809
11,GA,13,13047,Catoosa,2.791
11,GA,13,13063,Clayton,2.806
11,GA,13,13073,Columbia,2.824
11,GA,13,13077,Coweta,2.871
11,GA,13,13061,Clay,2.999
11,GA,13,13083,Dade,2.78
11,GA,13,13087,Decatur,2.822
11,GA,13,13097,Douglas,2.84
11,GA,13,13089,DeKalb,2.831
11,GA,13,13093,Dooly,2.875
11,GA,13,13091,Dodge,2.878
11,GA,13,13095,Dougherty,2.842
11,GA,13,13085,Dawson,2.834
11,GA,13,13099,Early,2.956
11,GA,13,13101,Echols,2.849
11,GA,13,13103,Effingham,2.883
11,GA,13,13105,Elbert,2.693
11,GA,13,13107,Emanuel,3.04
11,GA,13,13109,Evans,2.825
11,GA,13,13111,Fannin,2.943
11,GA,13,13115,Floyd,2.772
11,GA,13,13117,Forsyth,2.867
11,GA,13,13119,Franklin,2.82
11,GA,13,13121,Fulton,2.983
11,GA,13,13113,Fayette,2.953
11,GA,13,13133,Greene,2.907
11,GA,13,13123,Gilmer,2.795
11,GA,13,13125,Glascock,2.899
11,GA,13,13129,Gordon,2.798
11,GA,13,13131,Grady,2.771
11,GA,13,13135,Gwinnett,2.815
11,GA,13,13127,Glynn,2.766
11,GA,13,13137,Habersham,2.781
11,GA,13,13149,Heard,2.812
11,GA,13,13145,Harris,2.911
11,GA,13,13139,Hall,2.796
11,GA,13,13141,Hancock,2.899
11,GA,13,13153,Houston,2.797
11,GA,13,13143,Haralson,2.766
11,GA,13,13147,Hart,2.805
11,GA,13,13151,Henry,2.804
11,GA,13,13155,Irwin,2.924
11,GA,13,13157,Jackson,2.829
11,GA,13,13161,Jeff Davis,2.79
11,GA,13,13163,Jefferson,2.899
11,GA,13,13165,Jenkins,2.787
11,GA,13,13169,Jones,2.958
11,GA,13,13167,Johnson,2.899
11,GA,13,13159,Jasper,2.875
11,GA,13,13171,Lamar,2.763
11,GA,13,13181,Lincoln,2.862
11,GA,13,13177,Lee,2.828
11,GA,13,13179,Liberty,2.911
11,GA,13,13173,Lanier,2.806
11,GA,13,13183,Long,2.891
11,GA,13,13187,Lumpkin,2.827
11,GA,13,13175,Laurens,2.852
11,GA,13,13185,Lowndes,2.854
11,GA,13,13193,Macon,2.941
11,GA,13,13189,Mcduffie,2.833
11,GA,13,13195,Madison,2.826
11,GA,13,13199,Meriwether,2.879
11,GA,13,13209,Montgomery,2.899
11,GA,13,13191,Mcintosh,2.854
11,GA,13,13201,Miller,2.836
11,GA,13,13211,Morgan,2.841
11,GA,13,13207,Monroe,2.926
11,GA,13,13197,Marion,2.959
11,GA,13,13215,Muscogee,2.831
11,GA,13,13205,Mitchell,2.884
11,GA,13,13213,Murray,2.807
11,GA,13,13217,Newton,2.757
11,GA,13,13219,Oconee,2.927
11,GA,13,13221,Oglethorpe,2.943
11,GA,13,13225,Peach,2.853
11,GA,13,13227,Pickens,2.815
11,GA,13,13223,Paulding,2.827
11,GA,13,13229,Pierce,2.861
11,GA,13,13231,Pike,2.898
11,GA,13,13235,Pulaski,2.932
11,GA,13,13233,Polk,2.789
11,GA,13,13237,Putnam,2.911
11,GA,13,13239,Quitman,2.812
11,GA,13,13243,Randolph,2.849
11,GA,13,13241,Rabun,2.759
11,GA,13,13245,Richmond,2.873
11,GA,13,13247,Rockdale,2.827
11,GA,13,13249,Schley,2.724
11,GA,13,13257,Stephens,2.68
11,GA,13,13253,Seminole,2.861
11,GA,13,13255,Spalding,2.878
11,GA,13,13251,Screven,2.867
11,GA,13,13259,Stewart,2.979
11,GA,13,13261,Sumter,2.763
11,GA,13,13265,Taliaferro,2.874
11,GA,13,13263,Talbot,3.061
11,GA,13,13283,Treutlen,2.87
11,GA,13,13271,Telfair,2.778
11,GA,13,13275,Thomas,2.898
11,GA,13,13277,Tift,2.843
11,GA,13,13273,Terrell,2.783
11,GA,13,13279,Toombs,2.914
11,GA,13,13281,Towns,2.865
11,GA,13,13285,Troup,2.844
11,GA,13,13267,Tattnall,2.97
11,GA,13,13287,Turner,2.804
11,GA,13,13289,Twiggs,2.954
11,GA,13,13269,Taylor,2.871
11,GA,13,13291,Union,2.88
11,GA,13,13293,Upson,2.853
11,GA,13,13299,Ware,2.757
11,GA,13,13315,Wilcox,2.819
11,GA,13,13309,Wheeler,2.829
11,GA,13,13303,Washington,2.861
11,GA,13,13313,Whitfield,2.852
11,GA,13,13319,Wilkinson,2.888
11,GA,13,13295,Walker,2.82
11,GA,13,13317,Wilkes,2.876
11,GA,13,13297,Walton,2.825
11,GA,13,13321,Worth,2.86
11,GA,13,13301,Warren,2.699
11,GA,13,13307,Webster,2.929
11,GA,13,13311,White,2.888
11,GA,13,13305,Wayne,2.872
12,HI,15,15001,Hawaii,4.637
12,HI,15,15003,Honolulu,4.394
12,HI,15,15005,Kalawao,NA
12,HI,15,15007,Kauai,4.963
12,HI,15,15009,Maui,4.495
13,ID,16,16001,Ada,3.385
13,ID,16,16003,Adams,3.542
13,ID,16,16005,Bannock,3.243
13,ID,16,16007,Bear Lake,3.254
13,ID,16,16009,Benewah,3.058
13,ID,16,16011,Bingham,3.221
13,ID,16,16013,Blaine,3.695
13,ID,16,16015,Boise,3.479
13,ID,16,16017,Bonner,3.249
13,ID,16,16019,Bonneville,3.192
13,ID,16,16021,Boundary,3.011
13,ID,16,16023,Butte,3.316
13,ID,16,16025,Camas,3.449
13,ID,16,16027,Canyon,3.29
13,ID,16,16029,Caribou,3.233
13,ID,16,16031,Cassia,3.297
13,ID,16,16033,Clark,3.599
13,ID,16,16035,Clearwater,3.099
13,ID,16,16037,Custer,3.369
13,ID,16,16039,Elmore,3.327
13,ID,16,16041,Franklin,3.123
13,ID,16,16043,Fremont,3.631
13,ID,16,16045,Gem,3.405
13,ID,16,16047,Gooding,3.361
13,ID,16,16049,Idaho,3.296
13,ID,16,16051,Jefferson,3.262
13,ID,16,16053,Jerome,3.327
13,ID,16,16055,Kootenai,3.155
13,ID,16,16057,Latah,3.242
13,ID,16,16059,Lemhi,3.109
13,ID,16,16061,Lewis,3.087
13,ID,16,16063,Lincoln,3.346
13,ID,16,16065,Madison,3.255
13,ID,16,16067,Minidoka,3.236
13,ID,16,16069,Nez perce,3.125
13,ID,16,16071,Oneida,3.239
13,ID,16,16073,Owyhee,3.399
13,ID,16,16075,Payette,3.402
13,ID,16,16077,Power,3.232
13,ID,16,16079,Shoshone,3.717
13,ID,16,16081,Teton,3.479
13,ID,16,16083,Twin falls,3.322
13,ID,16,16085,Valley,3.6
13,ID,16,16087,Washington,3.451
14,IL,17,17001,Adams,3.183
14,IL,17,17003,Alexander,3.499
14,IL,17,17005,Bond,3.063
14,IL,17,17007,Boone,3.166
14,IL,17,17009,Brown,2.999
14,IL,17,17011,Bureau,3.149
14,IL,17,17013,Calhoun,3.199
14,IL,17,17015,Carroll,3.232
14,IL,17,17017,Cass,3.223
14,IL,17,17019,Champaign,3.088
14,IL,17,17021,Christian,3.139
14,IL,17,17023,Clark,3.105
14,IL,17,17025,Clay,3.159
14,IL,17,17027,Clinton,3.111
14,IL,17,17029,Coles,3.119
14,IL,17,17031,Cook,3.483
14,IL,17,17033,Crawford,3.138
14,IL,17,17035,Cumberland,3.182
14,IL,NA,NA,Dewitt,3.203
14,IL,NA,NA,De Kalb,3.177
14,IL,17,17041,Douglas,2.93
14,IL,NA,NA,Du Page,3.352
14,IL,17,17045,Edgar,3.095
14,IL,17,17047,Edwards,3.199
14,IL,17,17049,Effingham,2.971
14,IL,17,17051,Fayette,3.017
14,IL,17,17053,Ford,3.201
14,IL,17,17055,Franklin,3.1
14,IL,17,17057,Fulton,3.111
14,IL,17,17059,Gallatin,3.299
14,IL,17,17061,Greene,3.123
14,IL,17,17063,Grundy,3.147
14,IL,17,17065,Hamilton,3.074
14,IL,17,17067,Hancock,3.259
14,IL,17,17069,Hardin,3.179
14,IL,17,17071,Henderson,3.189
14,IL,17,17073,Henry,3.216
14,IL,17,17075,Iroquois,3.141
14,IL,17,17077,Jackson,3.214
14,IL,17,17079,Jasper,3.199
14,IL,17,17081,Jefferson,3.065
14,IL,17,17083,Jersey,3.199
14,IL,17,17085,Jo Daviess,3.244
14,IL,17,17087,Johnson,3.182
14,IL,17,17089,Kane,3.321
14,IL,17,17091,Kankakee,3.139
14,IL,17,17093,Kendall,3.27
14,IL,17,17095,Knox,3.133
14,IL,NA,NA,La Salle,3.016
14,IL,17,17097,Lake,3.281
14,IL,17,17101,Lawrence,3.166
14,IL,17,17103,Lee,3.194
14,IL,17,17105,Livingston,3.139
14,IL,17,17107,Logan,3.192
14,IL,17,17115,Macon,3.041
14,IL,17,17117,Macoupin,3.161
14,IL,17,17119,Madison,3.068
14,IL,17,17121,Marion,3.066
14,IL,17,17123,Marshall,3.228
14,IL,17,17125,Mason,3.169
14,IL,17,17127,Massac,3.103
14,IL,17,17109,McDonough,3.203
14,IL,17,17111,McHenry,3.232
14,IL,17,17113,McLean,3.136
14,IL,17,17129,Menard,3.249
14,IL,17,17131,Mercer,3.175
14,IL,17,17133,Monroe,3.306
14,IL,17,17135,Montgomery,3.131
14,IL,17,17137,Morgan,3.107
14,IL,17,17139,Moultrie,3.063
14,IL,17,17141,Ogle,3.1
14,IL,17,17143,Peoria,3.238
14,IL,17,17145,Perry,3.15
14,IL,17,17147,Piatt,3.123
14,IL,17,17149,Pike,3.276
14,IL,17,17151,Pope,3.149
14,IL,17,17153,Pulaski,3.399
14,IL,17,17155,Putnam,3.149
14,IL,17,17157,Randolph,3.132
14,IL,17,17159,Richland,3.124
14,IL,17,17161,Rock Island,3.153
14,IL,17,17165,Saline,3.144
14,IL,17,17167,Sangamon,3.109
14,IL,17,17169,Schuyler,3.079
14,IL,17,17171,Scott,3.061
14,IL,17,17173,Shelby,3.018
14,IL,17,17163,St. Clair,3.178
14,IL,17,17175,Stark,3.166
14,IL,17,17177,Stephenson,3.261
14,IL,17,17179,Tazewell,3.129
14,IL,17,17181,Union,3.219
14,IL,17,17183,Vermilion,3.112
14,IL,17,17185,Wabash,2.942
14,IL,17,17187,Warren,3.098
14,IL,17,17189,Washington,3.15
14,IL,17,17191,Wayne,3.055
14,IL,17,17193,White,3.107
14,IL,17,17195,Whiteside,3.165
14,IL,17,17197,Will,3.325
14,IL,17,17199,Williamson,3.041
14,IL,17,17201,Winnebago,3.123
14,IL,17,17203,Woodford,3.138
15,IN,18,18001,Adams,2.989
15,IN,18,18003,Allen,2.973
15,IN,18,18005,Bartholomew,3.029
15,IN,18,18007,Benton,3.146
15,IN,18,18009,Blackford,2.973
15,IN,18,18011,Boone,2.97
15,IN,18,18013,Brown,3.145
15,IN,18,18015,Carroll,3.171
15,IN,18,18017,Cass,3.034
15,IN,18,18019,Clark,2.852
15,IN,18,18021,Clay,2.923
15,IN,18,18023,Clinton,2.958
15,IN,18,18025,Crawford,3.042
15,IN,18,18027,Daviess,2.714
15,IN,NA,NA,De Kalb,3.01
15,IN,18,18029,Dearborn,3.041
15,IN,18,18031,Decatur,2.97
15,IN,18,18035,Delaware,2.91
15,IN,18,18037,Dubois,2.789
15,IN,18,18039,Elkhart,3.022
15,IN,18,18041,Fayette,2.993
15,IN,18,18043,Floyd,2.872
15,IN,18,18045,Fountain,2.899
15,IN,18,18047,Franklin,3.07
15,IN,18,18049,Fulton,3.012
15,IN,18,18051,Gibson,2.919
15,IN,18,18053,Grant,3.018
15,IN,18,18055,Greene,2.906
15,IN,18,18057,Hamilton,2.888
15,IN,18,18059,Hancock,2.933
15,IN,18,18061,Harrison,2.878
15,IN,18,18063,Hendricks,2.886
15,IN,18,18065,Henry,2.962
15,IN,18,18067,Howard,2.978
15,IN,18,18069,Huntington,3.019
15,IN,18,18071,Jackson,2.922
15,IN,18,18073,Jasper,3.062
15,IN,18,18075,Jay,2.96
15,IN,18,18077,Jefferson,2.98
15,IN,18,18079,Jennings,3.094
15,IN,18,18081,Johnson,2.962
15,IN,18,18083,Knox,2.9
15,IN,18,18085,Kosciusko,3.063
15,IN,NA,NA,La Porte,3.04
15,IN,18,18087,Lagrange,3.085
15,IN,18,18089,Lake,2.998
15,IN,18,18093,Lawrence,2.983
15,IN,18,18095,Madison,2.894
15,IN,18,18097,Marion,2.961
15,IN,18,18099,Marshall,3.011
15,IN,18,18101,Martin,2.866
15,IN,18,18103,Miami,2.854
15,IN,18,18105,Monroe,3.059
15,IN,18,18107,Montgomery,2.933
15,IN,18,18109,Morgan,2.927
15,IN,18,18111,Newton,2.962
15,IN,18,18113,Noble,2.997
15,IN,18,18115,Ohio,2.986
15,IN,18,18117,Orange,2.871
15,IN,18,18119,Owen,3.184
15,IN,18,18121,Parke,3.019
15,IN,18,18123,Perry,2.743
15,IN,18,18125,Pike,2.877
15,IN,18,18127,Porter,3.042
15,IN,18,18129,Posey,2.822
15,IN,18,18131,Pulaski,3.155
15,IN,18,18133,Putnam,3.098
15,IN,18,18135,Randolph,2.969
15,IN,18,18137,Ripley,2.961
15,IN,18,18139,Rush,3.072
15,IN,18,18143,Scott,2.793
15,IN,18,18145,Shelby,2.998
15,IN,18,18147,Spencer,2.874
15,IN,18,18141,St. Joseph,NA
15,IN,18,18149,Starke,3.025
15,IN,18,18151,Steuben,2.962
15,IN,18,18153,Sullivan,2.896
15,IN,18,18155,Switzerland,2.972
15,IN,18,18157,Tippecanoe,3.114
15,IN,18,18159,Tipton,3.052
15,IN,18,18161,Union,3.099
15,IN,18,18163,Vanderburgh,2.772
15,IN,18,18165,Vermillion,2.959
15,IN,18,18167,Vigo,2.927
15,IN,18,18169,Wabash,3.063
15,IN,18,18171,Warren,2.889
15,IN,18,18173,Warrick,2.809
15,IN,18,18175,Washington,2.746
15,IN,18,18177,Wayne,3.021
15,IN,18,18179,Wells,2.957
15,IN,18,18181,White,3.13
15,IN,18,18183,Whitley,3.011
16,IA,19,19001,Adair,2.789
16,IA,19,19003,Adams,2.749
16,IA,19,19005,Allamakee,2.962
16,IA,19,19007,Appanoose,2.737
16,IA,19,19009,Audubon,2.687
16,IA,19,19011,Benton,2.817
16,IA,19,19013,Black Hawk,2.716
16,IA,19,19015,Boone,2.718
16,IA,19,19017,Bremer,2.899
16,IA,19,19019,Buchanan,2.945
16,IA,19,19021,Buena Vista,2.627
16,IA,19,19023,Butler,2.821
16,IA,19,19025,Calhoun,2.885
16,IA,19,19027,Carroll,2.864
16,IA,19,19029,Cass,2.627
16,IA,19,19031,Cedar,2.863
16,IA,19,19033,Cerro Gordo,2.633
16,IA,19,19035,Cherokee,2.749
16,IA,19,19037,Chickasaw,2.899
16,IA,19,19039,Clarke,2.828
16,IA,19,19041,Clay,2.775
16,IA,19,19043,Clayton,2.955
16,IA,19,19045,Clinton,2.785
16,IA,19,19047,Crawford,2.849
16,IA,19,19049,Dallas,2.83
16,IA,19,19051,Davis,2.834
16,IA,19,19053,Decatur,2.729
16,IA,19,19055,Delaware,2.928
16,IA,19,19057,Des Moines,2.797
16,IA,19,19059,Dickinson,2.595
16,IA,19,19061,Dubuque,2.882
16,IA,19,19063,Emmet,2.799
16,IA,19,19065,Fayette,2.923
16,IA,19,19067,Floyd,2.767
16,IA,19,19069,Franklin,2.861
16,IA,19,19071,Fremont,2.644
16,IA,19,19073,Greene,2.856
16,IA,19,19075,Grundy,2.82
16,IA,19,19077,Guthrie,2.856
16,IA,19,19079,Hamilton,2.853
16,IA,19,19081,Hancock,2.899
16,IA,19,19083,Hardin,2.848
16,IA,19,19085,Harrison,2.748
16,IA,19,19087,Henry,2.614
16,IA,19,19089,Howard,2.897
16,IA,19,19091,Humboldt,2.853
16,IA,19,19093,Ida,2.722
16,IA,19,19095,Iowa,2.852
16,IA,19,19097,Jackson,2.979
16,IA,19,19099,Jasper,2.703
16,IA,19,19101,Jefferson,2.739
16,IA,19,19103,Johnson,2.877
16,IA,19,19105,Jones,2.869
16,IA,19,19107,Keokuk,2.717
16,IA,19,19109,Kossuth,2.852
16,IA,19,19111,Lee,2.737
16,IA,19,19113,Linn,2.745
16,IA,19,19115,Louisa,2.909
16,IA,19,19117,Lucas,2.749
16,IA,19,19119,Lyon,2.819
16,IA,19,19121,Madison,2.802
16,IA,19,19123,Mahaska,2.518
16,IA,19,19125,Marion,2.808
16,IA,19,19127,Marshall,2.814
16,IA,19,19129,Mills,2.769
16,IA,19,19131,Mitchell,2.887
16,IA,19,19133,Monona,2.724
16,IA,19,19135,Monroe,2.667
16,IA,19,19137,Montgomery,2.724
16,IA,19,19139,Muscatine,2.798
16,IA,19,19141,O'Brien,NA
16,IA,19,19143,Osceola,2.792
16,IA,19,19145,Page,2.618
16,IA,19,19147,Palo Alto,2.799
16,IA,19,19149,Plymouth,2.678
16,IA,19,19151,Pocahontas,2.759
16,IA,19,19153,Polk,2.743
16,IA,19,19155,Pottawattamie,2.603
16,IA,19,19157,Poweshiek,2.901
16,IA,19,19159,Ringgold,2.749
16,IA,19,19161,Sac,2.735
16,IA,19,19163,Scott,2.731
16,IA,19,19165,Shelby,2.643
16,IA,19,19167,Sioux,2.688
16,IA,19,19169,Story,2.879
16,IA,19,19171,Tama,2.934
16,IA,19,19173,Taylor,2.712
16,IA,19,19175,Union,2.738
16,IA,19,19177,Van Buren,2.749
16,IA,19,19179,Wapello,2.584
16,IA,19,19181,Warren,2.668
16,IA,19,19183,Washington,2.829
16,IA,19,19185,Wayne,2.729
16,IA,19,19187,Webster,2.815
16,IA,19,19189,Winnebago,2.807
16,IA,19,19191,Winneshiek,3.02
16,IA,19,19193,Woodbury,2.504
16,IA,19,19195,Worth,2.802
16,IA,19,19197,Wright,2.912
17,NA,NA,NA,Ward 1,NA
17,NA,NA,NA,Ward 2,NA
17,NA,NA,NA,Ward 3,NA
17,NA,NA,NA,Ward 4,NA
17,NA,NA,NA,Ward 5,NA
17,NA,NA,NA,Ward 6,NA
17,NA,NA,NA,Ward 7,NA
17,NA,NA,NA,Ward 8,NA
18,KS,20,20001,Allen,2.706
18,KS,20,20003,Anderson,2.567
18,KS,20,20005,Atchison,2.839
18,KS,20,20007,Barber,2.851
18,KS,20,20009,Barton,2.6
18,KS,20,20011,Bourbon,2.708
18,KS,20,20013,Brown,2.69
18,KS,20,20015,Butler,2.756
18,KS,20,20017,Chase,2.719
18,KS,20,20019,Chautauqua,2.916
18,KS,20,20021,Cherokee,2.561
18,KS,20,20023,Cheyenne,2.841
18,KS,20,20025,Clark,2.859
18,KS,20,20027,Clay,2.649
18,KS,20,20029,Cloud,2.689
18,KS,20,20031,Coffey,2.643
18,KS,20,20033,Comanche,2.859
18,KS,20,20035,Cowley,2.724
18,KS,20,20037,Crawford,2.556
18,KS,20,20039,Decatur,2.639
18,KS,20,20041,Dickinson,2.446
18,KS,20,20043,Doniphan,2.716
18,KS,20,20045,Douglas,2.755
18,KS,20,20047,Edwards,2.695
18,KS,20,20049,Elk,2.929
18,KS,20,20051,Ellis,2.784
18,KS,20,20053,Ellsworth,2.82
18,KS,20,20055,Finney,2.567
18,KS,20,20057,Ford,2.644
18,KS,20,20059,Franklin,2.621
18,KS,20,20061,Geary,2.726
18,KS,20,20063,Gove,2.816
18,KS,20,20065,Graham,2.759
18,KS,20,20067,Grant,2.799
18,KS,20,20069,Gray,2.648
18,KS,20,20071,Greeley,2.999
18,KS,20,20073,Greenwood,2.627
18,KS,20,20075,Hamilton,2.846
18,KS,20,20077,Harper,2.739
18,KS,20,20079,Harvey,2.613
18,KS,20,20081,Haskell,2.735
18,KS,20,20083,Hodgeman,2.774
18,KS,20,20085,Jackson,2.749
18,KS,20,20087,Jefferson,2.754
18,KS,20,20089,Jewell,2.829
18,KS,20,20091,Johnson,2.776
18,KS,20,20093,Kearny,2.759
18,KS,20,20095,Kingman,2.885
18,KS,20,20097,Kiowa,2.909
18,KS,20,20099,Labette,2.679
18,KS,20,20101,Lane,2.759
18,KS,20,20103,Leavenworth,2.723
18,KS,20,20105,Lincoln,NA
18,KS,20,20107,Linn,2.876
18,KS,20,20109,Logan,2.777
18,KS,20,20111,Lyon,2.53
18,KS,20,20115,Marion,2.735
18,KS,20,20117,Marshall,2.799
18,KS,20,20113,Mcpherson,2.559
18,KS,20,20119,Meade,2.755
18,KS,20,20121,Miami,2.843
18,KS,20,20123,Mitchell,2.709
18,KS,20,20125,Montgomery,2.733
18,KS,20,20127,Morris,2.539
18,KS,20,20129,Morton,2.882
18,KS,20,20131,Nemaha,2.741
18,KS,20,20133,Neosho,2.766
18,KS,20,20135,Ness,2.752
18,KS,20,20137,Norton,2.809
18,KS,20,20139,Osage,2.739
18,KS,20,20141,Osborne,2.699
18,KS,20,20143,Ottawa,2.699
18,KS,20,20145,Pawnee,2.862
18,KS,20,20147,Phillips,2.699
18,KS,20,20149,Pottawatomie,2.651
18,KS,20,20151,Pratt,2.851
18,KS,20,20153,Rawlins,2.799
18,KS,20,20155,Reno,2.659
18,KS,20,20157,Republic,2.689
18,KS,20,20159,Rice,2.823
18,KS,20,20161,Riley,2.654
18,KS,20,20163,Rooks,2.715
18,KS,20,20165,Rush,2.799
18,KS,20,20167,Russell,2.66
18,KS,20,20169,Saline,2.614
18,KS,20,20171,Scott,2.729
18,KS,20,20173,Sedgwick,2.761
18,KS,20,20175,Seward,2.638
18,KS,20,20177,Shawnee,2.598
18,KS,20,20179,Sheridan,2.799
18,KS,20,20181,Sherman,2.622
18,KS,20,20183,Smith,2.754
18,KS,20,20185,Stafford,2.795
18,KS,20,20187,Stanton,2.929
18,KS,20,20189,Stevens,2.714
18,KS,20,20191,Sumner,2.801
18,KS,20,20193,Thomas,2.656
18,KS,20,20195,Trego,2.712
18,KS,20,20197,Wabaunsee,2.639
18,KS,20,20199,Wallace,2.904
18,KS,20,20201,Washington,2.763
18,KS,20,20203,Wichita,2.562
18,KS,20,20205,Wilson,2.764
18,KS,20,20207,Woodson,2.799
18,KS,20,20209,Wyandotte,2.795
19,KY,21,21001,Adair,2.699
19,KY,21,21003,Allen,2.664
19,KY,21,21005,Anderson,2.662
19,KY,21,21007,Ballard,2.666
19,KY,21,21009,Barren,2.685
19,KY,21,21011,Bath,2.956
19,KY,21,21013,Bell,2.497
19,KY,21,21015,Boone,3.027
19,KY,21,21017,Bourbon,2.755
19,KY,21,21019,Boyd,2.9
19,KY,21,21021,Boyle,2.707
19,KY,21,21023,Bracken,2.741
19,KY,21,21025,Breathitt,2.856
19,KY,21,21027,Breckinridge,2.605
19,KY,21,21029,Bullitt,2.729
19,KY,21,21031,Butler,2.616
19,KY,21,21033,Caldwell,2.632
19,KY,21,21035,Calloway,2.625
19,KY,21,21037,Campbell,3.087
19,KY,21,21039,Carlisle,2.682
19,KY,21,21041,Carroll,2.78
19,KY,21,21043,Carter,2.795
19,KY,21,21045,Casey,2.746
19,KY,21,21047,Christian,2.542
19,KY,21,21049,Clark,2.74
19,KY,21,21051,Clay,2.922
19,KY,21,21053,Clinton,2.879
19,KY,21,21055,Crittenden,2.666
19,KY,21,21057,Cumberland,2.827
19,KY,21,21059,Daviess,2.597
19,KY,21,21061,Edmonson,2.803
19,KY,21,21063,Elliott,2.999
19,KY,21,21065,Estill,2.789
19,KY,21,21067,Fayette,2.861
19,KY,21,21069,Fleming,2.777
19,KY,21,21071,Floyd,2.742
19,KY,21,21073,Franklin,2.747
19,KY,21,21075,Fulton,2.665
19,KY,21,21077,Gallatin,2.851
19,KY,21,21079,Garrard,2.714
19,KY,21,21081,Grant,2.811
19,KY,21,21083,Graves,2.613
19,KY,21,21085,Grayson,2.712
19,KY,21,21087,Green,2.566
19,KY,21,21089,Greenup,2.871
19,KY,21,21091,Hancock,2.499
19,KY,21,21093,Hardin,2.554
19,KY,21,21095,Harlan,2.763
19,KY,21,21097,Harrison,2.88
19,KY,21,21099,Hart,2.643
19,KY,21,21101,Henderson,2.664
19,KY,21,21103,Henry,2.769
19,KY,21,21105,Hickman,2.699
19,KY,21,21107,Hopkins,2.632
19,KY,21,21109,Jackson,2.779
19,KY,21,21111,Jefferson,2.734
19,KY,21,21113,Jessamine,2.661
19,KY,21,21115,Johnson,2.916
19,KY,21,21117,Kenton,3.103
19,KY,21,21119,Knott,2.765
19,KY,21,21121,Knox,2.718
19,KY,21,21123,Larue,2.557
19,KY,21,21125,Laurel,2.681
19,KY,21,21127,Lawrence,2.786
19,KY,21,21129,Lee,2.956
19,KY,21,21131,Leslie,2.932
19,KY,21,21133,Letcher,2.808
19,KY,21,21135,Lewis,2.808
19,KY,21,21137,Lincoln,2.8
19,KY,21,21139,Livingston,2.655
19,KY,21,21141,Logan,2.556
19,KY,21,21143,Lyon,2.807
19,KY,21,21151,Madison,2.83
19,KY,21,21153,Magoffin,2.819
19,KY,21,21155,Marion,2.582
19,KY,21,21157,Marshall,2.628
19,KY,21,21159,Martin,2.691
19,KY,21,21161,Mason,2.827
19,KY,21,21145,McCracken,2.629
19,KY,21,21147,McCreary,2.795
19,KY,21,21149,McLean,2.695
19,KY,21,21163,Meade,2.57
19,KY,21,21165,Menifee,2.842
19,KY,21,21167,Mercer,2.694
19,KY,21,21169,Metcalfe,2.68
19,KY,21,21171,Monroe,2.694
19,KY,21,21173,Montgomery,2.679
19,KY,21,21175,Morgan,2.802
19,KY,21,21177,Muhlenberg,2.648
19,KY,21,21179,Nelson,2.704
19,KY,21,21181,Nicholas,2.707
19,KY,21,21183,Ohio,2.631
19,KY,21,21185,Oldham,2.783
19,KY,21,21187,Owen,2.827
19,KY,21,21189,Owsley,2.799
19,KY,21,21191,Pendleton,3.136
19,KY,21,21193,Perry,2.788
19,KY,21,21195,Pike,2.813
19,KY,21,21197,Powell,2.763
19,KY,21,21199,Pulaski,2.792
19,KY,21,21201,Robertson,2.779
19,KY,21,21203,Rockcastle,2.97
19,KY,21,21205,Rowan,2.743
19,KY,21,21207,Russell,2.706
19,KY,21,21209,Scott,2.708
19,KY,21,21211,Shelby,2.76
19,KY,21,21213,Simpson,2.543
19,KY,21,21215,Spencer,2.726
19,KY,21,21217,Taylor,2.627
19,KY,21,21219,Todd,2.619
19,KY,21,21221,Trigg,2.693
19,KY,21,21223,Trimble,2.744
19,KY,21,21225,Union,2.663
19,KY,21,21227,Warren,2.653
19,KY,21,21229,Washington,2.759
19,KY,21,21231,Wayne,2.773
19,KY,21,21233,Webster,2.588
19,KY,21,21235,Whitley,2.7
19,KY,21,21237,Wolfe,2.995
19,KY,21,21239,Woodford,2.894
20,LA,22,22001,Acadia,2.682
20,LA,22,22003,Allen,2.818
20,LA,22,22005,Ascension,2.648
20,LA,22,22007,Assumption,2.754
20,LA,22,22009,Avoyelles,2.645
20,LA,22,22011,Beauregard,2.615
20,LA,22,22013,Bienville,2.758
20,LA,22,22015,Bossier,2.538
20,LA,22,22017,Caddo,2.596
20,LA,22,22019,Calcasieu,2.684
20,LA,22,22021,Caldwell,2.799
20,LA,22,22023,Cameron,2.989
20,LA,22,22025,Catahoula,2.682
20,LA,22,22027,Claiborne,2.775
20,LA,22,22029,Concordia,2.544
20,LA,22,22031,De Soto,2.687
20,LA,22,22033,East Baton Rouge,2.661
20,LA,22,22035,East Carroll,2.899
20,LA,22,22037,East Feliciana,2.76
20,LA,22,22039,Evangeline,2.652
20,LA,22,22041,Franklin,2.645
20,LA,22,22043,Grant,2.721
20,LA,22,22045,Iberia,2.635
20,LA,22,22047,Iberville,2.764
20,LA,22,22049,Jackson,2.708
20,LA,22,22051,Jefferson,2.624
20,LA,22,22053,Jefferson Davis,2.761
20,LA,22,22059,La Salle,2.757
20,LA,22,22055,Lafayette,2.657
20,LA,22,22057,Lafourche,2.755
20,LA,22,22061,Lincoln,2.61
20,LA,22,22063,Livingston,2.623
20,LA,22,22065,Madison,2.684
20,LA,22,22067,Morehouse,2.643
20,LA,22,22069,Natchitoches,2.604
20,LA,22,22071,Orleans,2.606
20,LA,22,22073,Ouachita,2.56
20,LA,22,22075,Plaquemines,3.042
20,LA,22,22077,Pointe Coupee,2.741
20,LA,22,22079,Rapides,2.621
20,LA,22,22081,Red River,2.676
20,LA,22,22083,Richland,2.668
20,LA,22,22085,Sabine,2.723
20,LA,22,22087,St. Bernard,2.548
20,LA,22,22089,St. Charles,2.711
20,LA,22,22091,St. Helena,2.652
20,LA,22,22093,St. James,2.782
20,LA,22,22095,St John the Baptist,2.732
20,LA,22,22097,St. Landry,2.645
20,LA,22,22099,St. Martin,2.563
20,LA,22,22101,St. Mary,2.714
20,LA,22,22103,St. Tammany,2.655
20,LA,22,22105,Tangipahoa,2.68
20,LA,22,22107,Tensas,2.699
20,LA,22,22109,Terrebonne,2.628
20,LA,22,22111,Union,2.606
20,LA,22,22113,Vermilion,2.742
20,LA,22,22115,Vernon,2.734
20,LA,22,22117,Washington,2.652
20,LA,22,22119,Webster,2.708
20,LA,22,22121,West Baton Rouge,2.652
20,LA,22,22123,West Carroll,2.639
20,LA,22,22125,West Feliciana,2.883
20,LA,22,22127,Winn,2.713
21,ME,23,23001,Androscoggin,3.054
21,ME,23,23003,Aroostook,3.04
21,ME,23,23005,Cumberland,3.041
21,ME,23,23007,Franklin,3.015
21,ME,23,23009,Hancock,3.053
21,ME,23,23011,Kennebec,3.061
21,ME,23,23013,Knox,3.071
21,ME,23,23015,Lincoln,3.02
21,ME,23,23017,Oxford,3.042
21,ME,23,23019,Penobscot,3.006
21,ME,23,23021,Piscataquis,3
21,ME,23,23023,Sagadahoc,3.123
21,ME,23,23025,Somerset,2.995
21,ME,23,23027,Waldo,3.002
21,ME,23,23029,Washington,3.064
21,ME,23,23031,York,3.016
22,MD,24,24001,Allegany,3.162
22,MD,24,24003,Anne Arundel,3.138
22,MD,24,24005,Baltimore City,3.083
22,MD,24,24510,Baltimore City,3.083
22,MD,24,24005,Baltimore,3.112
22,MD,24,24510,Baltimore,3.112
22,MD,24,24009,Calvert,3.122
22,MD,24,24015,Cecil,3.097
22,MD,24,24017,Charles,3.103
22,MD,24,24013,Carroll,3.032
22,MD,24,24011,Caroline,3.13
22,MD,24,24019,Dorchester,3.13
22,MD,24,24021,Frederick,3.153
22,MD,24,24023,Garrett,3.106
22,MD,24,24025,Harford,3.135
22,MD,24,24027,Howard,3.191
22,MD,24,24029,Kent,3.149
22,MD,24,24031,Montgomery,3.143
22,MD,NA,NA,Prince Georges,3.109
22,MD,NA,NA,Queen Annes,3.074
22,MD,NA,NA,St. Marys,3.138
22,MD,24,24039,Somerset,3.141
22,MD,24,24041,Talbot,3.145
22,MD,24,24043,Washington,3.195
22,MD,24,24045,Wicomico,3.143
22,MD,24,24047,Worcester,3.107
23,MA,25,25001,Barnstable,3.062
23,MA,25,25003,Berkshire,3.078
23,MA,25,25005,Bristol,2.907
23,MA,25,25007,Dukes,4.175
23,MA,25,25009,Essex,3.045
23,MA,25,25011,Franklin,3.006
23,MA,25,25013,Hampden,2.934
23,MA,25,25015,Hampshire,3.006
23,MA,25,25017,Middlesex,3.09
23,MA,25,25019,Nantucket,4.452
23,MA,25,25021,Norfolk,2.999
23,MA,25,25023,Plymouth,2.92
23,MA,25,25025,Suffolk,3.238
23,MA,25,25027,Worcester,3.029
24,MI,26,26001,Alcona,3.119
24,MI,26,26003,Alger,2.992
24,MI,26,26005,Allegan,3.261
24,MI,26,26007,Alpena,3.19
24,MI,26,26009,Antrim,3.202
24,MI,26,26011,Arenac,3.153
24,MI,26,26013,Baraga,2.984
24,MI,26,26015,Barry,3.273
24,MI,26,26017,Bay,3.244
24,MI,26,26019,Benzie,3.23
24,MI,26,26021,Berrien,3.086
24,MI,26,26023,Branch,3.259
24,MI,26,26025,Calhoun,3.187
24,MI,26,26027,Cass,3.185
24,MI,26,26029,Charlevoix,3.251
24,MI,26,26031,Cheboygan,3.273
24,MI,26,26033,Chippewa,3.157
24,MI,26,26035,Clare,3.203
24,MI,26,26037,Clinton,3.242
24,MI,26,26039,Crawford,3.272
24,MI,26,26041,Delta,2.974
24,MI,26,26043,Dickinson,2.906
24,MI,26,26045,Eaton,3.262
24,MI,26,26047,Emmet,3.296
24,MI,26,26049,Genesee,3.197
24,MI,26,26051,Gladwin,3.22
24,MI,26,26053,Gogebic,3.038
24,MI,26,26055,Grand Traverse,3.045
24,MI,26,26057,Gratiot,2.951
24,MI,26,26059,Hillsdale,3.154
24,MI,26,26061,Houghton,2.927
24,MI,26,26063,Huron,3.112
24,MI,26,26065,Ingham,3.269
24,MI,26,26067,Ionia,3.199
24,MI,26,26069,Iosco,3.166
24,MI,26,26071,Iron,3.068
24,MI,26,26073,Isabella,3.147
24,MI,26,26075,Jackson,3.263
24,MI,26,26077,Kalamazoo,3.225
24,MI,26,26079,Kalkaska,3.205
24,MI,26,26081,Kent,3.242
24,MI,26,26083,Keweenaw,3.099
24,MI,26,26085,Lake,3.078
24,MI,26,26087,Lapeer,3.132
24,MI,26,26089,Leelanau,3.033
24,MI,26,26091,Lenawee,3.235
24,MI,26,26093,Livingston,3.259
24,MI,26,26095,Luce,3.222
24,MI,26,26097,Mackinac,3.288
24,MI,26,26099,Macomb,3.152
24,MI,26,26101,Manistee,3.249
24,MI,26,26103,Marquette,2.865
24,MI,26,26105,Mason,3.115
24,MI,26,26107,Mecosta,3.074
24,MI,26,26109,Menominee,3
24,MI,26,26111,Midland,3.275
24,MI,26,26113,Missaukee,3.176
24,MI,26,26115,Monroe,3.154
24,MI,26,26117,Montcalm,3.039
24,MI,26,26119,Montmorency,3.073
24,MI,26,26121,Muskegon,3.146
24,MI,26,26123,Newaygo,3.205
24,MI,26,26125,Oakland,3.191
24,MI,26,26127,Oceana,3.135
24,MI,26,26129,Ogemaw,3.216
24,MI,26,26131,Ontonagon,3.121
24,MI,26,26133,Osceola,3.242
24,MI,26,26135,Oscoda,3.299
24,MI,26,26137,Otsego,2.972
24,MI,26,26139,Ottawa,3.181
24,MI,26,26141,Presque Isle,3.243
24,MI,26,26143,Roscommon,2.979
24,MI,26,26145,Saginaw,3.169
24,MI,26,26151,Sanilac,3.058
24,MI,26,26153,Schoolcraft,3.21
24,MI,26,26155,Shiawassee,3.18
24,MI,26,26147,St. Clair,3.151
24,MI,26,26149,St. Joseph,3.201
24,MI,26,26157,Tuscola,3.117
24,MI,26,26159,Van Buren,3.117
24,MI,26,26161,Washtenaw,3.216
24,MI,26,26163,Wayne,3.052
24,MI,26,26165,Wexford,2.898
25,MN,27,27001,Aitkin,2.854
25,MN,27,27003,Anoka,3.069
25,MN,27,27005,Becker,2.744
25,MN,27,27007,Beltrami,2.912
25,MN,27,27009,Benton,3.017
25,MN,27,27011,Big Stone,2.704
25,MN,27,27013,Blue Earth,2.867
25,MN,27,27015,Brown,2.798
25,MN,27,27017,Carlton,2.739
25,MN,27,27019,Carver,3.095
25,MN,27,27021,Cass,2.811
25,MN,27,27023,Chippewa,2.861
25,MN,27,27025,Chisago,3.087
25,MN,27,27027,Clay,2.683
25,MN,27,27029,Clearwater,2.845
25,MN,27,27031,Cook,2.997
25,MN,27,27033,Cottonwood,2.889
25,MN,27,27035,Crow Wing,2.673
25,MN,27,27037,Dakota,3.145
25,MN,27,27039,Dodge,3.199
25,MN,27,27041,Douglas,2.908
25,MN,27,27043,Faribault,2.881
25,MN,27,27045,Fillmore,2.907
25,MN,27,27047,Freeborn,2.823
25,MN,27,27049,Goodhue,2.93
25,MN,27,27051,Grant,2.828
25,MN,27,27053,Hennepin,3.182
25,MN,27,27055,Houston,2.817
25,MN,27,27057,Hubbard,2.743
25,MN,27,27059,Isanti,2.906
25,MN,27,27061,Itasca,2.914
25,MN,27,27063,Jackson,2.853
25,MN,27,27065,Kanabec,3.05
25,MN,27,27067,Kandiyohi,3.044
25,MN,27,27069,Kittson,2.825
25,MN,27,27071,Koochiching,2.795
25,MN,27,27073,Lac Qui Parle,2.809
25,MN,27,27075,Lake,2.917
25,MN,27,27077,Lake of the Woods,2.924
25,MN,27,27079,Le Sueur,2.873
25,MN,27,27081,Lincoln,2.797
25,MN,27,27083,Lyon,2.942
25,MN,27,27087,Mahnomen,2.774
25,MN,27,27089,Marshall,2.798
25,MN,27,27091,Martin,2.821
25,MN,27,27085,McLeod,2.911
25,MN,27,27093,Meeker,2.854
25,MN,27,27095,Mille Lacs,2.972
25,MN,27,27097,Morrison,2.876
25,MN,27,27099,Mower,2.84
25,MN,27,27101,Murray,2.832
25,MN,27,27103,Nicollet,2.848
25,MN,27,27105,Nobles,2.954
25,MN,27,27107,Norman,2.773
25,MN,27,27109,Olmsted,3.144
25,MN,27,27111,Otter Tail,2.726
25,MN,27,27113,Pennington,2.866
25,MN,27,27115,Pine,2.973
25,MN,27,27117,Pipestone,2.867
25,MN,27,27119,Polk,2.791
25,MN,27,27121,Pope,2.866
25,MN,27,27123,Ramsey,3.157
25,MN,27,27125,Red Lake,2.799
25,MN,27,27127,Redwood,2.713
25,MN,27,27129,Renville,2.803
25,MN,27,27131,Rice,2.907
25,MN,27,27133,Rock,2.731
25,MN,27,27135,Roseau,2.855
25,MN,27,27139,Scott,3.087
25,MN,27,27141,Sherburne,3.108
25,MN,27,27143,Sibley,2.851
25,MN,27,27137,St. Louis,2.749
25,MN,27,27145,Stearns,2.881
25,MN,27,27147,Steele,2.858
25,MN,27,27149,Stevens,2.796
25,MN,27,27151,Swift,2.884
25,MN,27,27153,Todd,2.781
25,MN,27,27155,Traverse,2.832
25,MN,27,27157,Wabasha,2.872
25,MN,27,27159,Wadena,2.809
25,MN,27,27161,Waseca,2.838
25,MN,27,27163,Washington,3.091
25,MN,27,27165,Watonwan,2.789
25,MN,27,27167,Wilkin,2.692
25,MN,27,27169,Winona,2.816
25,MN,27,27171,Wright,3.039
25,MN,27,27173,Yellow Medicine,2.891
26,MS,28,28001,Adams,2.7
26,MS,28,28003,Alcorn,2.534
26,MS,28,28005,Amite,2.702
26,MS,28,28007,Attala,2.739
26,MS,28,28009,Benton,2.622
26,MS,28,28011,Bolivar,2.521
26,MS,28,28013,Calhoun,2.688
26,MS,28,28015,Carroll,2.726
26,MS,28,28017,Chickasaw,2.656
26,MS,28,28019,Choctaw,2.643
26,MS,28,28021,Claiborne,3.074
26,MS,28,28023,Clarke,2.783
26,MS,28,28025,Clay,2.552
26,MS,28,28027,Coahoma,2.513
26,MS,28,28029,Copiah,2.739
26,MS,28,28031,Covington,2.665
26,MS,NA,NA,De Soto,2.55
26,MS,28,28035,Forrest,2.597
26,MS,28,28037,Franklin,2.713
26,MS,28,28039,George,2.673
26,MS,28,28041,Greene,2.799
26,MS,28,28043,Grenada,2.496
26,MS,28,28045,Hancock,2.621
26,MS,28,28047,Harrison,2.569
26,MS,28,28049,Hinds,2.659
26,MS,28,28051,Holmes,2.718
26,MS,28,28053,Humphreys,2.799
26,MS,28,28055,Issaquena,NA
26,MS,28,28057,Itawamba,2.56
26,MS,28,28059,Jackson,2.598
26,MS,28,28061,Jasper,2.647
26,MS,28,28063,Jefferson,2.639
26,MS,28,28065,Jefferson Davis,2.699
26,MS,28,28067,Jones,2.617
26,MS,28,28069,Kemper,2.693
26,MS,28,28071,Lafayette,2.722
26,MS,28,28073,Lamar,2.6
26,MS,28,28075,Lauderdale,2.695
26,MS,28,28077,Lawrence,2.709
26,MS,28,28079,Leake,2.547
26,MS,28,28081,Lee,2.63
26,MS,28,28083,Leflore,2.505
26,MS,28,28085,Lincoln,2.628
26,MS,28,28087,Lowndes,2.648
26,MS,28,28089,Madison,2.677
26,MS,28,28091,Marion,2.642
26,MS,28,28093,Marshall,2.606
26,MS,28,28095,Monroe,2.655
26,MS,28,28097,Montgomery,2.69
26,MS,28,28099,Neshoba,2.704
26,MS,28,28101,Newton,2.701
26,MS,28,28103,Noxubee,2.921
26,MS,28,28105,Oktibbeha,2.601
26,MS,28,28107,Panola,2.547
26,MS,28,28109,Pearl River,2.606
26,MS,28,28111,Perry,2.746
26,MS,28,28113,Pike,2.631
26,MS,28,28115,Pontotoc,2.654
26,MS,28,28117,Prentiss,2.547
26,MS,28,28119,Quitman,2.899
26,MS,28,28121,Rankin,2.566
26,MS,28,28123,Scott,2.708
26,MS,28,28125,Sharkey,2.799
26,MS,28,28127,Simpson,2.605
26,MS,28,28129,Smith,2.772
26,MS,28,28131,Stone,2.58
26,MS,28,28133,Sunflower,2.57
26,MS,28,28135,Tallahatchie,2.622
26,MS,28,28137,Tate,2.614
26,MS,28,28139,Tippah,2.655
26,MS,28,28141,Tishomingo,2.594
26,MS,28,28143,Tunica,2.751
26,MS,28,28145,Union,2.597
26,MS,28,28147,Walthall,2.672
26,MS,28,28149,Warren,2.607
26,MS,28,28151,Washington,2.537
26,MS,28,28153,Wayne,2.73
26,MS,28,28155,Webster,2.766
26,MS,28,28157,Wilkinson,2.889
26,MS,28,28159,Winston,2.599
26,MS,28,28161,Yalobusha,2.567
26,MS,28,28163,Yazoo,2.572
27,MO,29,29001,Adair,2.758
27,MO,29,29003,Andrew,2.756
27,MO,29,29005,Atchison,2.626
27,MO,29,29007,Audrain,2.712
27,MO,29,29009,Barry,2.65
27,MO,29,29011,Barton,2.631
27,MO,29,29013,Bates,2.777
27,MO,29,29015,Benton,2.613
27,MO,29,29017,Bollinger,2.709
27,MO,29,29019,Boone,2.732
27,MO,29,29021,Buchanan,2.744
27,MO,29,29023,Butler,2.699
27,MO,29,29025,Caldwell,2.791
27,MO,29,29027,Callaway,2.736
27,MO,29,29029,Camden,2.604
27,MO,29,29031,Cape Girardeau,2.716
27,MO,29,29033,Carroll,2.756
27,MO,29,29035,Carter,2.712
27,MO,29,29037,Cass,2.679
27,MO,29,29039,Cedar,2.713
27,MO,29,29041,Chariton,2.787
27,MO,29,29043,Christian,2.672
27,MO,29,29045,Clark,2.657
27,MO,29,29047,Clay,2.766
27,MO,29,29049,Clinton,2.763
27,MO,29,29051,Cole,2.832
27,MO,29,29053,Cooper,2.536
27,MO,29,29055,Crawford,2.716
27,MO,29,29057,Dade,2.622
27,MO,29,29059,Dallas,2.615
27,MO,29,29061,Daviess,2.606
27,MO,29,29063,DeKalb,2.782
27,MO,29,29065,Dent,2.766
27,MO,29,29067,Douglas,2.674
27,MO,29,29069,Dunklin,2.675
27,MO,29,29071,Franklin,2.718
27,MO,29,29073,Gasconade,2.655
27,MO,29,29075,Gentry,2.705
27,MO,29,29077,Greene,2.649
27,MO,29,29079,Grundy,2.639
27,MO,29,29081,Harrison,2.664
27,MO,29,29083,Henry,2.79
27,MO,29,29085,Hickory,2.639
27,MO,29,29087,Holt,2.692
27,MO,29,29089,Howard,2.696
27,MO,29,29091,Howell,2.639
27,MO,29,29093,Iron,2.654
27,MO,29,29095,Jackson,2.805
27,MO,29,29097,Jasper,2.581
27,MO,29,29099,Jefferson,2.803
27,MO,29,29101,Johnson,2.681
27,MO,29,29103,Knox,2.799
27,MO,29,29105,Laclede,2.596
27,MO,29,29107,Lafayette,2.8
27,MO,29,29109,Lawrence,2.705
27,MO,29,29111,Lewis,2.737
27,MO,29,29113,Lincoln,2.689
27,MO,29,29115,Linn,2.677
27,MO,29,29117,Livingston,2.784
27,MO,29,29121,Macon,2.773
27,MO,29,29123,Madison,2.531
27,MO,29,29125,Maries,2.693
27,MO,29,29127,Marion,2.725
27,MO,29,29119,McDonald,2.585
27,MO,29,29129,Mercer,2.899
27,MO,29,29131,Miller,2.636
27,MO,29,29133,Mississippi,2.618
27,MO,29,29135,Moniteau,2.763
27,MO,29,29137,Monroe,2.813
27,MO,29,29139,Montgomery,2.779
27,MO,29,29141,Morgan,2.676
27,MO,29,29143,New Madrid,2.598
27,MO,29,29145,Newton,2.627
27,MO,29,29147,Nodaway,2.652
27,MO,29,29149,Oregon,2.71
27,MO,29,29151,Osage,2.761
27,MO,29,29153,Ozark,2.724
27,MO,29,29155,Pemiscot,2.699
27,MO,29,29157,Perry,2.609
27,MO,29,29159,Pettis,2.682
27,MO,29,29161,Phelps,2.688
27,MO,29,29163,Pike,2.752
27,MO,29,29165,Platte,2.752
27,MO,29,29167,Polk,2.697
27,MO,29,29169,Pulaski,2.666
27,MO,29,29171,Putnam,2.899
27,MO,29,29173,Ralls,2.763
27,MO,29,29175,Randolph,2.754
27,MO,29,29177,Ray,2.754
27,MO,29,29179,Reynolds,2.817
27,MO,29,29181,Ripley,2.566
27,MO,29,29195,Saline,2.712
27,MO,29,29197,Schuyler,2.771
27,MO,29,29199,Scotland,2.766
27,MO,29,29201,Scott,2.693
27,MO,29,29203,Shannon,2.724
27,MO,29,29205,Shelby,2.787
27,MO,29,29183,St. Charles,2.731
27,MO,29,29185,St. Clair,2.879
27,MO,29,29187,St. Francois,2.688
27,MO,29,29189,St. Louis,2.776
27,MO,29,29510,St. Louis,2.776
27,MO,29,29189,St. Louis City,2.748
27,MO,29,29510,St. Louis City,2.748
27,MO,NA,NA,Sainte Genevieve,2.724
27,MO,29,29207,Stoddard,2.752
27,MO,29,29209,Stone,2.637
27,MO,29,29211,Sullivan,2.852
27,MO,29,29213,Taney,2.726
27,MO,29,29215,Texas,2.717
27,MO,29,29217,Vernon,2.564
27,MO,29,29219,Warren,2.694
27,MO,29,29221,Washington,2.554
27,MO,29,29223,Wayne,2.704
27,MO,29,29225,Webster,2.692
27,MO,29,29227,Worth,2.649
27,MO,29,29229,Wright,2.691
28,MT,30,30001,Beaverhead,3.125
28,MT,30,30003,Big Horn,3.016
28,MT,30,30005,Blaine,3.046
28,MT,30,30007,Broadwater,2.994
28,MT,30,30009,Carbon,3.012
28,MT,30,30011,Carter,3.054
28,MT,30,30013,Cascade,3
28,MT,30,30015,Chouteau,3.067
28,MT,30,30017,Custer,2.905
28,MT,30,30019,Daniels,3.059
28,MT,30,30021,Dawson,2.889
28,MT,30,30023,Deer Lodge,2.997
28,MT,30,30025,Fallon,2.979
28,MT,30,30027,Fergus,2.903
28,MT,30,30029,Flathead,3.008
28,MT,30,30031,Gallatin,3.015
28,MT,30,30033,Garfield,2.859
28,MT,30,30035,Glacier,3.102
28,MT,30,30037,Golden Valley,3.099
28,MT,30,30039,Granite,3.199
28,MT,30,30041,Hill,3.026
28,MT,30,30043,Jefferson,2.997
28,MT,30,30045,Judith Basin,3.124
28,MT,30,30047,Lake,3.02
28,MT,30,30049,Lewis and Clark,3.013
28,MT,30,30051,Liberty,3.039
28,MT,30,30053,Lincoln,3.033
28,MT,30,30057,Madison,2.997
28,MT,30,30055,McCone,2.899
28,MT,30,30059,Meagher,3.099
28,MT,30,30061,Mineral,3.019
28,MT,30,30063,Missoula,3.02
28,MT,30,30065,Musselshell,3.136
28,MT,30,30067,Park,2.986
28,MT,30,30069,Petroleum,3.509
28,MT,30,30071,Phillips,2.999
28,MT,30,30073,Pondera,3.057
28,MT,30,30075,Powder River,3.194
28,MT,30,30077,Powell,3.022
28,MT,30,30079,Prairie,2.889
28,MT,30,30081,Ravalli,2.995
28,MT,30,30083,Richland,2.95
28,MT,30,30085,Roosevelt,2.942
28,MT,30,30087,Rosebud,2.959
28,MT,30,30089,Sanders,3.03
28,MT,30,30091,Sheridan,2.902
28,MT,30,30093,Silver Bow,2.993
28,MT,30,30095,Stillwater,3.009
28,MT,30,30097,Sweet Grass,2.992
28,MT,30,30099,Teton,3.059
28,MT,30,30101,Toole,3.143
28,MT,30,30103,Treasure,2.999
28,MT,30,30105,Valley,3.009
28,MT,30,30107,Wheatland,3.066
28,MT,30,30109,Wibaux,2.849
28,MT,30,30111,Yellowstone,2.999
29,NE,31,31001,Adams,2.709
29,NE,31,31003,Antelope,2.879
29,NE,31,31005,Arthur,NA
29,NE,31,31007,Banner,NA
29,NE,31,31009,Blaine,NA
29,NE,31,31011,Boone,2.744
29,NE,31,31013,Box Butte,2.966
29,NE,31,31015,Boyd,2.669
29,NE,31,31017,Brown,2.899
29,NE,31,31019,Buffalo,2.821
29,NE,31,31021,Burt,2.832
29,NE,31,31023,Butler,2.707
29,NE,31,31025,Cass,2.733
29,NE,31,31027,Cedar,2.746
29,NE,31,31029,Chase,3.249
29,NE,31,31031,Cherry,2.888
29,NE,31,31033,Cheyenne,2.952
29,NE,31,31035,Clay,2.769
29,NE,31,31037,Colfax,2.509
29,NE,31,31039,Cuming,2.779
29,NE,31,31041,Custer,3.026
29,NE,31,31043,Dakota,2.451
29,NE,31,31045,Dawes,2.849
29,NE,31,31047,Dawson,2.88
29,NE,31,31049,Deuel,2.962
29,NE,31,31051,Dixon,2.899
29,NE,31,31053,Dodge,2.651
29,NE,31,31055,Douglas,2.606
29,NE,31,31057,Dundy,3.259
29,NE,31,31059,Fillmore,2.749
29,NE,31,31061,Franklin,2.974
29,NE,31,31063,Frontier,3.014
29,NE,31,31065,Furnas,2.989
29,NE,31,31067,Gage,2.878
29,NE,31,31069,Garden,NA
29,NE,31,31071,Garfield,NA
29,NE,31,31073,Gosper,2.779
29,NE,31,31075,Grant,2.869
29,NE,31,31077,Greeley,2.789
29,NE,31,31079,Hall,2.844
29,NE,31,31081,Hamilton,2.729
29,NE,31,31083,Harlan,2.699
29,NE,31,31085,Hayes,NA
29,NE,31,31087,Hitchcock,3.099
29,NE,31,31089,Holt,2.688
29,NE,31,31091,Hooker,2.779
29,NE,31,31093,Howard,2.999
29,NE,31,31095,Jefferson,2.789
29,NE,31,31097,Johnson,2.899
29,NE,31,31099,Kearney,2.752
29,NE,31,31101,Keith,2.89
29,NE,31,31103,Keya Paha,NA
29,NE,31,31105,Kimball,2.979
29,NE,31,31107,Knox,2.731
29,NE,31,31109,Lancaster,2.822
29,NE,31,31111,Lincoln,3.045
29,NE,31,31113,Logan,2.964
29,NE,31,31115,Loup,3.249
29,NE,31,31119,Madison,2.827
29,NE,31,31117,McPherson,NA
29,NE,31,31121,Merrick,3.024
29,NE,31,31123,Morrill,2.966
29,NE,31,31125,Nance,2.689
29,NE,31,31127,Nemaha,2.799
29,NE,31,31129,Nuckolls,2.762
29,NE,31,31131,Otoe,2.744
29,NE,31,31133,Pawnee,2.799
29,NE,31,31135,Perkins,2.999
29,NE,31,31137,Phelps,2.786
29,NE,31,31139,Pierce,2.675
29,NE,31,31141,Platte,2.668
29,NE,31,31143,Polk,2.676
29,NE,31,31145,Red Willow,2.965
29,NE,31,31147,Richardson,2.762
29,NE,31,31149,Rock,2.899
29,NE,31,31151,Saline,2.782
29,NE,31,31153,Sarpy,2.636
29,NE,31,31155,Saunders,2.819
29,NE,31,31157,Scotts Bluff,2.971
29,NE,31,31159,Seward,2.869
29,NE,31,31161,Sheridan,2.999
29,NE,31,31163,Sherman,3.149
29,NE,31,31165,Sioux,NA
29,NE,31,31167,Stanton,3.159
29,NE,31,31169,Thayer,2.769
29,NE,31,31171,Thomas,3.279
29,NE,31,31173,Thurston,3.016
29,NE,31,31175,Valley,2.979
29,NE,31,31177,Washington,2.688
29,NE,31,31179,Wayne,2.799
29,NE,31,31181,Webster,2.699
29,NE,31,31183,Wheeler,2.949
29,NE,31,31185,York,2.749
30,NV,32,32510,Carson City,3.27
30,NV,32,32001,Churchill,3.443
30,NV,32,32003,Clark,3.947
30,NV,32,32005,Douglas,3.45
30,NV,32,32007,Elko,3.311
30,NV,32,32009,Esmeralda,NA
30,NV,32,32011,Eureka,3.496
30,NV,32,32013,Humboldt,3.459
30,NV,32,32015,Lander,3.004
30,NV,32,32017,Lincoln,3.669
30,NV,32,32019,Lyon,3.378
30,NV,32,32021,Mineral,3.996
30,NV,32,32023,Nye,3.645
30,NV,32,32027,Pershing,3.636
30,NV,32,32029,Storey,3.549
30,NV,32,32031,Washoe,4.025
30,NV,32,32033,White Pine,3.203
31,NH,33,33001,Belknap,2.861
31,NH,33,33003,Carroll,2.974
31,NH,33,33005,Cheshire,2.975
31,NH,33,33007,Coos,3.046
31,NH,33,33009,Grafton,3.03
31,NH,33,33011,Hillsborough,2.96
31,NH,33,33013,Merrimack,2.95
31,NH,33,33015,Rockingham,2.896
31,NH,33,33017,Strafford,2.924
31,NH,33,33019,Sullivan,2.989
32,NJ,34,34001,Atlantic,3.042
32,NJ,34,34003,Bergen,3.011
32,NJ,34,34005,Burlington,3.022
32,NJ,34,34007,Camden,3.001
32,NJ,34,34009,Cape May,3.196
32,NJ,34,34011,Cumberland,3.008
32,NJ,34,34013,Essex,3.111
32,NJ,34,34015,Gloucester,3.006
32,NJ,34,34017,Hudson,3.039
32,NJ,34,34019,Hunterdon,3.041
32,NJ,34,34021,Mercer,3.026
32,NJ,34,34023,Middlesex,3.035
32,NJ,34,34025,Monmouth,3.096
32,NJ,34,34027,Morris,3.055
32,NJ,34,34029,Ocean,3.11
32,NJ,34,34031,Passaic,3.014
32,NJ,34,34033,Salem,3.011
32,NJ,34,34035,Somerset,3.087
32,NJ,34,34037,Sussex,3.002
32,NJ,34,34039,Union,3.045
32,NJ,34,34041,Warren,3.006
33,NM,35,35001,Bernalillo,2.657
33,NM,35,35003,Catron,3.224
33,NM,35,35005,Chaves,2.57
33,NM,35,35006,Cibola,3.031
33,NM,35,35007,Colfax,2.958
33,NM,35,35009,Curry,2.563
33,NM,35,35011,De Baca,2.859
33,NM,35,35013,Dona Ana,2.764
33,NM,35,35015,Eddy,2.954
33,NM,35,35017,Grant,3.014
33,NM,35,35019,Guadalupe,2.743
33,NM,35,35021,Harding,3.719
33,NM,35,35023,Hidalgo,2.672
33,NM,35,35025,Lea,2.601
33,NM,35,35027,Lincoln,3.237
33,NM,35,35028,Los Alamos,2.559
33,NM,35,35029,Luna,2.898
33,NM,35,35031,McKinley,2.889
33,NM,35,35033,Mora,2.849
33,NM,35,35035,Otero,2.652
33,NM,35,35037,Quay,2.663
33,NM,35,35039,Rio Arriba,2.772
33,NM,35,35041,Roosevelt,2.774
33,NM,35,35045,San Juan,3.071
33,NM,35,35047,San Miguel,2.812
33,NM,35,35043,Sandoval,2.651
33,NM,35,35049,Santa Fe,2.673
33,NM,35,35051,Sierra,2.979
33,NM,35,35053,Socorro,2.968
33,NM,35,35055,Taos,2.741
33,NM,35,35057,Torrance,2.897
33,NM,35,35059,Union,2.851
33,NM,35,35061,Valencia,2.528
34,NY,36,36001,Albany,3.161
34,NY,36,36003,Allegany,3.198
34,NY,36,36005,Bronx,3.162
34,NY,36,36007,Broome,3.135
34,NY,36,36009,Cattaraugus,3.127
34,NY,36,36011,Cayuga,2.957
34,NY,36,36013,Chautauqua,3.27
34,NY,36,36015,Chemung,3.027
34,NY,36,36017,Chenango,3.116
34,NY,36,36019,Clinton,3.078
34,NY,36,36021,Columbia,3.106
34,NY,36,36023,Cortland,3.124
34,NY,36,36025,Delaware,3.283
34,NY,36,36027,Dutchess,3.145
34,NY,36,36029,Erie,3.176
34,NY,36,36031,Essex,3.389
34,NY,36,36033,Franklin,3.281
34,NY,36,36035,Fulton,3.218
34,NY,36,36037,Genesee,3.116
34,NY,36,36039,Greene,3.084
34,NY,36,36041,Hamilton,3.381
34,NY,36,36043,Herkimer,3.116
34,NY,36,36045,Jefferson,3.157
34,NY,36,36047,Kings,3.149
34,NY,36,36049,Lewis,3.314
34,NY,36,36051,Livingston,3.174
34,NY,36,36053,Madison,3.144
34,NY,36,36055,Monroe,3.176
34,NY,36,36057,Montgomery,3.143
34,NY,36,36059,Nassau,3.044
34,NY,36,36061,New York,3.219
34,NY,36,36063,Niagara,3.125
34,NY,36,36065,Oneida,3.188
34,NY,36,36067,Onondaga,3.083
34,NY,36,36069,Ontario,3.178
34,NY,36,36071,Orange,3.074
34,NY,36,36073,Orleans,3.238
34,NY,36,36075,Oswego,3.034
34,NY,36,36077,Otsego,3.267
34,NY,36,36079,Putnam,3.175
34,NY,36,36081,Queens,3.166
34,NY,36,36083,Rensselaer,3.122
34,NY,36,36085,Richmond,3.211
34,NY,36,36087,Rockland,3.303
34,NY,36,36091,Saratoga,3.134
34,NY,36,36093,Schenectady,3.085
34,NY,36,36095,Schoharie,3.14
34,NY,36,36097,Schuyler,3.112
34,NY,36,36099,Seneca,3.05
34,NY,36,36089,St. Lawrence,3.361
34,NY,36,36101,Steuben,3.101
34,NY,36,36103,Suffolk,3.035
34,NY,36,36105,Sullivan,3.157
34,NY,36,36107,Tioga,3.135
34,NY,36,36109,Tompkins,3.216
34,NY,36,36111,Ulster,3.07
34,NY,36,36113,Warren,3.229
34,NY,36,36115,Washington,3.146
34,NY,36,36117,Wayne,3.155
34,NY,36,36119,Westchester,3.316
34,NY,36,36121,Wyoming,3.204
34,NY,36,36123,Yates,3.226
35,NC,37,37001,Alamance,2.901
35,NC,37,37003,Alexander,2.695
35,NC,37,37005,Alleghany,2.873
35,NC,37,37007,Anson,2.814
35,NC,37,37009,Ashe,2.656
35,NC,37,37011,Avery,2.957
35,NC,37,37013,Beaufort,2.864
35,NC,37,37015,Bertie,2.962
35,NC,37,37017,Bladen,2.718
35,NC,37,37019,Brunswick,2.838
35,NC,37,37021,Buncombe,2.846
35,NC,37,37023,Burke,2.825
35,NC,37,37025,Cabarrus,2.928
35,NC,37,37027,Caldwell,2.857
35,NC,37,37029,Camden,2.854
35,NC,37,37031,Carteret,2.919
35,NC,37,37033,Caswell,2.916
35,NC,37,37035,Catawba,2.863
35,NC,37,37037,Chatham,2.888
35,NC,37,37039,Cherokee,2.826
35,NC,37,37041,Chowan,2.959
35,NC,37,37043,Clay,2.712
35,NC,37,37045,Cleveland,2.816
35,NC,37,37047,Columbus,2.773
35,NC,37,37049,Craven,2.829
35,NC,37,37051,Cumberland,2.85
35,NC,37,37053,Currituck,2.965
35,NC,37,37055,Dare,2.92
35,NC,37,37057,Davidson,2.843
35,NC,37,37059,Davie,2.886
35,NC,37,37061,Duplin,2.912
35,NC,37,37063,Durham,2.943
35,NC,37,37065,Edgecombe,2.956
35,NC,37,37067,Forsyth,2.937
35,NC,37,37069,Franklin,2.885
35,NC,37,37071,Gaston,2.872
35,NC,37,37073,Gates,2.976
35,NC,37,37075,Graham,2.905
35,NC,37,37077,Granville,2.898
35,NC,37,37079,Greene,2.889
35,NC,37,37081,Guilford,2.904
35,NC,37,37083,Halifax,2.98
35,NC,37,37085,Harnett,2.884
35,NC,37,37087,Haywood,2.88
35,NC,37,37089,Henderson,2.788
35,NC,37,37091,Hertford,2.994
35,NC,37,37093,Hoke,2.886
35,NC,37,37095,Hyde,3.114
35,NC,37,37097,Iredell,2.891
35,NC,37,37099,Jackson,2.932
35,NC,37,37101,Johnston,2.903
35,NC,37,37103,Jones,2.949
35,NC,37,37105,Lee,2.886
35,NC,37,37107,Lenoir,2.856
35,NC,37,37109,Lincoln,2.896
35,NC,37,37113,Macon,2.972
35,NC,37,37115,Madison,2.898
35,NC,37,37117,Martin,2.986
35,NC,37,37111,McDowell,2.801
35,NC,37,37119,Mecklenburg,2.941
35,NC,37,37121,Mitchell,2.787
35,NC,37,37123,Montgomery,2.893
35,NC,37,37125,Moore,2.89
35,NC,37,37127,Nash,2.887
35,NC,37,37129,New Hanover,2.927
35,NC,37,37131,Northampton,2.974
35,NC,37,37133,Onslow,2.84
35,NC,37,37135,Orange,2.911
35,NC,37,37137,Pamlico,2.917
35,NC,37,37139,Pasquotank,2.812
35,NC,37,37141,Pender,2.904
35,NC,37,37143,Perquimans,2.999
35,NC,37,37145,Person,2.9
35,NC,37,37147,Pitt,2.87
35,NC,37,37149,Polk,2.878
35,NC,37,37151,Randolph,2.841
35,NC,37,37153,Richmond,2.912
35,NC,37,37155,Robeson,2.737
35,NC,37,37157,Rockingham,2.768
35,NC,37,37159,Rowan,2.876
35,NC,37,37161,Rutherford,2.808
35,NC,37,37163,Sampson,2.711
35,NC,37,37165,Scotland,2.776
35,NC,37,37167,Stanly,2.85
35,NC,37,37169,Stokes,2.883
35,NC,37,37171,Surry,2.894
35,NC,37,37173,Swain,2.827
35,NC,37,37175,Transylvania,2.924
35,NC,37,37177,Tyrrell,2.889
35,NC,37,37179,Union,2.884
35,NC,37,37181,Vance,2.884
35,NC,37,37183,Wake,2.899
35,NC,37,37185,Warren,2.916
35,NC,37,37187,Washington,2.959
35,NC,37,37189,Watauga,2.948
35,NC,37,37191,Wayne,2.831
35,NC,37,37193,Wilkes,2.874
35,NC,37,37195,Wilson,2.823
35,NC,37,37197,Yadkin,2.845
35,NC,37,37199,Yancey,2.702
36,ND,38,38001,Adams,2.999
36,ND,38,38003,Barnes,2.486
36,ND,38,38005,Benson,2.786
36,ND,38,38007,Billings,3.009
36,ND,38,38009,Bottineau,2.803
36,ND,38,38011,Bowman,2.949
36,ND,38,38013,Burke,2.914
36,ND,38,38015,Burleigh,2.873
36,ND,38,38017,Cass,2.648
36,ND,38,38019,Cavalier,2.779
36,ND,38,38021,Dickey,2.825
36,ND,38,38023,Divide,2.899
36,ND,38,38025,Dunn,2.851
36,ND,38,38027,Eddy,2.729
36,ND,38,38029,Emmons,2.899
36,ND,38,38031,Foster,2.814
36,ND,38,38033,Golden Valley,2.872
36,ND,38,38035,Grand Forks,2.748
36,ND,38,38037,Grant,3.299
36,ND,38,38039,Griggs,2.809
36,ND,38,38041,Hettinger,2.912
36,ND,38,38043,Kidder,2.784
36,ND,38,38045,LaMoure,2.729
36,ND,38,38047,Logan,2.899
36,ND,38,38049,McHenry,2.896
36,ND,38,38051,McIntosh,2.899
36,ND,38,38053,McKenzie,3.031
36,ND,38,38055,McLean,2.871
36,ND,38,38057,Mercer,2.892
36,ND,38,38059,Morton,2.98
36,ND,38,38061,Mountrail,2.899
36,ND,38,38063,Nelson,2.749
36,ND,38,38065,Oliver,2.759
36,ND,38,38067,Pembina,2.866
36,ND,38,38069,Pierce,2.849
36,ND,38,38071,Ramsey,2.742
36,ND,38,38073,Ransom,2.629
36,ND,38,38075,Renville,2.912
36,ND,38,38077,Richland,2.653
36,ND,38,38079,Rolette,3.002
36,ND,38,38081,Sargent,2.589
36,ND,38,38083,Sheridan,2.924
36,ND,38,38085,Sioux,2.949
36,ND,38,38087,Slope,NA
36,ND,38,38089,Stark,2.888
36,ND,38,38091,Steele,2.804
36,ND,38,38093,Stutsman,2.715
36,ND,38,38095,Towner,2.826
36,ND,38,38097,Traill,2.741
36,ND,38,38099,Walsh,2.796
36,ND,38,38101,Ward,2.888
36,ND,38,38103,Wells,2.881
36,ND,38,38105,Williams,2.861
37,OH,39,39001,Adams,2.969
37,OH,39,39003,Allen,2.874
37,OH,39,39005,Ashland,3.064
37,OH,39,39007,Ashtabula,3.122
37,OH,39,39009,Athens,3.19
37,OH,39,39011,Auglaize,2.964
37,OH,39,39013,Belmont,2.966
37,OH,39,39015,Brown,2.988
37,OH,39,39017,Butler,2.89
37,OH,39,39019,Carroll,3.079
37,OH,39,39021,Champaign,3.1
37,OH,39,39023,Clark,3.014
37,OH,39,39025,Clermont,3.099
37,OH,39,39027,Clinton,3.014
37,OH,39,39029,Columbiana,3.048
37,OH,39,39031,Coshocton,2.861
37,OH,39,39033,Crawford,3.204
37,OH,39,39035,Cuyahoga,3.07
37,OH,39,39037,Darke,2.962
37,OH,39,39039,Defiance,2.825
37,OH,39,39041,Delaware,3.094
37,OH,39,39043,Erie,3.212
37,OH,39,39045,Fairfield,2.982
37,OH,39,39047,Fayette,2.943
37,OH,39,39049,Franklin,3.12
37,OH,39,39051,Fulton,3.009
37,OH,39,39053,Gallia,2.953
37,OH,39,39055,Geauga,3.152
37,OH,39,39057,Greene,2.864
37,OH,39,39059,Guernsey,2.935
37,OH,39,39061,Hamilton,3.083
37,OH,39,39063,Hancock,3.048
37,OH,39,39065,Hardin,2.787
37,OH,39,39067,Harrison,3.032
37,OH,39,39069,Henry,2.907
37,OH,39,39071,Highland,2.987
37,OH,39,39073,Hocking,2.994
37,OH,39,39075,Holmes,3.056
37,OH,39,39077,Huron,3.232
37,OH,39,39079,Jackson,3.083
37,OH,39,39081,Jefferson,3.064
37,OH,39,39083,Knox,2.988
37,OH,39,39085,Lake,3.152
37,OH,39,39087,Lawrence,3.126
37,OH,39,39089,Licking,3.137
37,OH,39,39091,Logan,2.88
37,OH,39,39093,Lorain,3.031
37,OH,39,39095,Lucas,3.073
37,OH,39,39097,Madison,3.017
37,OH,39,39099,Mahoning,2.968
37,OH,39,39101,Marion,3.107
37,OH,39,39103,Medina,3.116
37,OH,39,39105,Meigs,2.907
37,OH,39,39107,Mercer,2.87
37,OH,39,39109,Miami,3.019
37,OH,39,39111,Monroe,3.147
37,OH,39,39113,Montgomery,2.969
37,OH,39,39115,Morgan,3.139
37,OH,39,39117,Morrow,3.024
37,OH,39,39119,Muskingum,3.075
37,OH,39,39121,Noble,3.019
37,OH,39,39123,Ottawa,3.174
37,OH,39,39125,Paulding,2.978
37,OH,39,39127,Perry,3.026
37,OH,39,39129,Pickaway,3.114
37,OH,39,39131,Pike,3.085
37,OH,39,39133,Portage,3.075
37,OH,39,39135,Preble,2.915
37,OH,39,39137,Putnam,2.781
37,OH,39,39139,Richland,3.006
37,OH,39,39141,Ross,3.033
37,OH,39,39143,Sandusky,3.051
37,OH,39,39145,Scioto,2.917
37,OH,39,39147,Seneca,2.95
37,OH,39,39149,Shelby,2.879
37,OH,39,39151,Stark,3.066
37,OH,39,39153,Summit,3.118
37,OH,39,39155,Trumbull,2.923
37,OH,39,39157,Tuscarawas,3.166
37,OH,39,39159,Union,2.935
37,OH,39,39161,Van Wert,2.947
37,OH,39,39163,Vinton,3.036
37,OH,39,39165,Warren,2.945
37,OH,39,39167,Washington,3.116
37,OH,39,39169,Wayne,3.044
37,OH,39,39171,Williams,3.007
37,OH,39,39173,Wood,2.976
37,OH,39,39175,Wyandot,2.971
38,OK,40,40001,Adair,2.523
38,OK,40,40003,Alfalfa,2.693
38,OK,40,40005,Atoka,2.723
38,OK,40,40007,Beaver,2.791
38,OK,40,40009,Beckham,2.628
38,OK,40,40011,Blaine,2.565
38,OK,40,40013,Bryan,2.463
38,OK,40,40015,Caddo,2.676
38,OK,40,40017,Canadian,2.477
38,OK,40,40019,Carter,2.506
38,OK,40,40021,Cherokee,2.587
38,OK,40,40023,Choctaw,2.591
38,OK,40,40025,Cimarron,2.764
38,OK,40,40027,Cleveland,2.563
38,OK,40,40029,Coal,2.959
38,OK,40,40031,Comanche,2.459
38,OK,40,40033,Cotton,2.496
38,OK,40,40035,Craig,2.5
38,OK,40,40037,Creek,2.506
38,OK,40,40039,Custer,2.581
38,OK,40,40041,Delaware,2.618
38,OK,40,40043,Dewey,2.738
38,OK,40,40045,Ellis,2.959
38,OK,40,40047,Garfield,2.51
38,OK,40,40049,Garvin,2.584
38,OK,40,40051,Grady,2.566
38,OK,40,40053,Grant,2.549
38,OK,40,40055,Greer,2.572
38,OK,40,40057,Harmon,2.429
38,OK,40,40059,Harper,2.712
38,OK,40,40061,Haskell,2.591
38,OK,40,40063,Hughes,2.896
38,OK,40,40065,Jackson,2.48
38,OK,40,40067,Jefferson,2.647
38,OK,40,40069,Johnston,2.656
38,OK,40,40071,Kay,2.523
38,OK,40,40073,Kingfisher,2.615
38,OK,40,40075,Kiowa,2.71
38,OK,40,40077,Latimer,2.646
38,OK,40,40079,Le Flore,2.607
38,OK,40,40081,Lincoln,2.744
38,OK,40,40083,Logan,2.733
38,OK,40,40085,Love,2.66
38,OK,40,40093,Major,2.509
38,OK,40,40095,Marshall,2.615
38,OK,40,40097,Mayes,2.506
38,OK,40,40087,McClain,2.66
38,OK,40,40089,McCurtain,2.687
38,OK,40,40091,McIntosh,2.651
38,OK,40,40099,Murray,2.602
38,OK,40,40101,Muskogee,2.494
38,OK,40,40103,Noble,2.595
38,OK,40,40105,Nowata,2.554
38,OK,40,40107,Okfuskee,2.583
38,OK,40,40109,Oklahoma,2.502
38,OK,40,40111,Okmulgee,2.52
38,OK,40,40113,Osage,2.675
38,OK,40,40115,Ottawa,2.484
38,OK,40,40117,Pawnee,2.578
38,OK,40,40119,Payne,2.554
38,OK,40,40121,Pittsburg,2.517
38,OK,40,40123,Pontotoc,2.598
38,OK,40,40125,Pottawatomie,2.527
38,OK,40,40127,Pushmataha,2.72
38,OK,40,40129,Roger Mills,2.819
38,OK,40,40131,Rogers,2.608
38,OK,40,40133,Seminole,2.54
38,OK,40,40135,Sequoyah,2.539
38,OK,40,40137,Stephens,2.633
38,OK,40,40139,Texas,2.62
38,OK,40,40141,Tillman,2.504
38,OK,40,40143,Tulsa,2.559
38,OK,40,40145,Wagoner,2.577
38,OK,40,40147,Washington,2.566
38,OK,40,40149,Washita,2.643
38,OK,40,40151,Woods,2.85
38,OK,40,40153,Woodward,2.357
39,OR,41,41001,Baker,3.586
39,OR,41,41003,Benton,3.33
39,OR,41,41005,Clackamas,3.881
39,OR,41,41007,Clatsop,3.966
39,OR,41,41009,Columbia,3.967
39,OR,41,41011,Coos,3.745
39,OR,41,41013,Crook,3.769
39,OR,41,41015,Curry,3.836
39,OR,41,41017,Deschutes,3.685
39,OR,41,41019,Douglas,3.715
39,OR,41,41021,Gilliam,3.699
39,OR,41,41023,Grant,3.621
39,OR,41,41025,Harney,3.871
39,OR,41,41027,Hood River,3.793
39,OR,41,41029,Jackson,3.749
39,OR,41,41031,Jefferson,3.633
39,OR,41,41033,Josephine,3.782
39,OR,41,41035,Klamath,3.708
39,OR,41,41037,Lake,3.891
39,OR,41,41039,Lane,3.603
39,OR,41,41041,Lincoln,3.76
39,OR,41,41043,Linn,3.396
39,OR,41,41045,Malheur,3.677
39,OR,41,41047,Marion,3.674
39,OR,41,41049,Morrow,3.836
39,OR,41,41051,Multnomah,3.999
39,OR,41,41053,Polk,3.687
39,OR,41,41055,Sherman,3.837
39,OR,41,41057,Tillamook,3.917
39,OR,41,41059,Umatilla,3.794
39,OR,41,41061,Union,3.896
39,OR,41,41063,Wallowa,4.065
39,OR,41,41065,Wasco,3.963
39,OR,41,41067,Washington,3.993
39,OR,41,41069,Wheeler,NA
39,OR,41,41071,Yamhill,3.834
40,PA,42,42001,Adams,3.274
40,PA,42,42003,Allegheny,3.408
40,PA,42,42005,Armstrong,3.417
40,PA,42,42007,Beaver,3.36
40,PA,42,42009,Bedford,3.354
40,PA,42,42011,Berks,3.285
40,PA,42,42013,Blair,3.427
40,PA,42,42015,Bradford,3.311
40,PA,42,42017,Bucks,3.209
40,PA,42,42019,Butler,3.375
40,PA,42,42021,Cambria,3.379
40,PA,42,42023,Cameron,2.909
40,PA,42,42025,Carbon,3.144
40,PA,42,42027,Centre,3.37
40,PA,42,42029,Chester,3.219
40,PA,42,42031,Clarion,3.32
40,PA,42,42033,Clearfield,3.385
40,PA,42,42035,Clinton,3.269
40,PA,42,42037,Columbia,3.18
40,PA,42,42039,Crawford,3.475
40,PA,42,42041,Cumberland,3.29
40,PA,42,42043,Dauphin,3.255
40,PA,42,42045,Delaware,3.222
40,PA,42,42047,Elk,3.43
40,PA,42,42049,Erie,3.427
40,PA,42,42051,Fayette,3.376
40,PA,42,42053,Forest,3.299
40,PA,42,42055,Franklin,3.264
40,PA,42,42057,Fulton,3.264
40,PA,42,42059,Greene,3.401
40,PA,42,42061,Huntingdon,3.373
40,PA,42,42063,Indiana,3.333
40,PA,42,42065,Jefferson,3.375
40,PA,42,42067,Juniata,3.314
40,PA,42,42069,Lackawanna,3.233
40,PA,42,42071,Lancaster,3.311
40,PA,42,42073,Lawrence,3.347
40,PA,42,42075,Lebanon,3.258
40,PA,42,42077,Lehigh,3.266
40,PA,42,42079,Luzerne,3.197
40,PA,42,42081,Lycoming,3.134
40,PA,42,42083,McKean,3.44
40,PA,42,42085,Mercer,3.343
40,PA,42,42087,Mifflin,3.384
40,PA,42,42089,Monroe,3.198
40,PA,42,42091,Montgomery,3.214
40,PA,42,42093,Montour,3.079
40,PA,42,42095,Northampton,3.194
40,PA,42,42097,Northumberland,3.071
40,PA,42,42099,Perry,3.287
40,PA,42,42101,Philadelphia,3.252
40,PA,42,42103,Pike,3.278
40,PA,42,42105,Potter,3.443
40,PA,42,42107,Schuylkill,3.195
40,PA,42,42109,Snyder,3.18
40,PA,42,42111,Somerset,3.391
40,PA,42,42113,Sullivan,3.366
40,PA,42,42115,Susquehanna,3.238
40,PA,42,42117,Tioga,3.288
40,PA,42,42119,Union,3.078
40,PA,42,42121,Venango,3.456
40,PA,42,42123,Warren,3.575
40,PA,42,42125,Washington,3.423
40,PA,42,42127,Wayne,3.203
40,PA,42,42129,Westmoreland,3.412
40,PA,42,42131,Wyoming,3.113
40,PA,42,42133,York,3.322
41,RI,44,44001,Bristol,2.945
41,RI,44,44003,Kent,2.999
41,RI,44,44005,Newport,3.028
41,RI,44,44007,Providence,2.987
41,RI,44,44009,Washington,3.051
42,SC,45,45001,Abbeville,2.811
42,SC,45,45003,Aiken,2.806
42,SC,45,45005,Allendale,2.979
42,SC,45,45007,Anderson,2.817
42,SC,45,45009,Bamberg,2.971
42,SC,45,45011,Barnwell,2.867
42,SC,45,45013,Beaufort,2.8
42,SC,45,45015,Berkeley,2.821
42,SC,45,45017,Calhoun,2.838
42,SC,45,45019,Charleston,2.841
42,SC,45,45021,Cherokee,2.749
42,SC,45,45023,Chester,2.833
42,SC,45,45025,Chesterfield,2.779
42,SC,45,45027,Clarendon,2.774
42,SC,45,45029,Colleton,2.757
42,SC,45,45031,Darlington,2.739
42,SC,45,45033,Dillon,2.681
42,SC,45,45035,Dorchester,2.814
42,SC,45,45037,Edgefield,2.805
42,SC,45,45039,Fairfield,2.858
42,SC,45,45041,Florence,2.689
42,SC,45,45043,Georgetown,2.787
42,SC,45,45045,Greenville,2.854
42,SC,45,45047,Greenwood,2.808
42,SC,45,45049,Hampton,2.883
42,SC,45,45051,Horry,2.766
42,SC,45,45053,Jasper,2.85
42,SC,45,45055,Kershaw,2.814
42,SC,45,45057,Lancaster,2.801
42,SC,45,45059,Laurens,2.753
42,SC,45,45061,Lee,2.84
42,SC,45,45063,Lexington,2.799
42,SC,45,45067,Marion,2.781
42,SC,45,45069,Marlboro,2.738
42,SC,45,45065,McCormick,2.687
42,SC,45,45071,Newberry,2.779
42,SC,45,45073,Oconee,2.813
42,SC,45,45075,Orangeburg,2.811
42,SC,45,45077,Pickens,2.743
42,SC,45,45079,Richland,2.85
42,SC,45,45081,Saluda,2.837
42,SC,45,45083,Spartanburg,2.818
42,SC,45,45085,Sumter,2.809
42,SC,45,45087,Union,2.774
42,SC,45,45089,Williamsburg,2.876
42,SC,45,45091,York,2.809
43,SD,46,46003,Aurora,2.649
43,SD,46,46005,Beadle,3.057
43,SD,46,46007,Bennett,2.999
43,SD,46,46009,Bon Homme,2.929
43,SD,46,46011,Brookings,2.696
43,SD,46,46013,Brown,2.94
43,SD,46,46015,Brule,2.956
43,SD,46,46017,Buffalo,2.799
43,SD,46,46019,Butte,3.119
43,SD,46,46021,Campbell,2.839
43,SD,46,46023,Charles Mix,2.723
43,SD,46,46025,Clark,2.899
43,SD,46,46027,Clay,2.849
43,SD,46,46029,Codington,2.834
43,SD,46,46031,Corson,2.709
43,SD,46,46033,Custer,2.95
43,SD,46,46035,Davison,2.77
43,SD,46,46037,Day,2.794
43,SD,46,46039,Deuel,2.849
43,SD,46,46041,Dewey,3.107
43,SD,46,46043,Douglas,2.874
43,SD,46,46045,Edmunds,2.761
43,SD,46,46047,Fall River,2.977
43,SD,46,46049,Faulk,NA
43,SD,46,46051,Grant,2.877
43,SD,46,46053,Gregory,2.819
43,SD,46,46055,Haakon,2.849
43,SD,46,46057,Hamlin,2.799
43,SD,46,46059,Hand,3.026
43,SD,46,46061,Hanson,2.614
43,SD,46,46063,Harding,2.899
43,SD,46,46065,Hughes,2.988
43,SD,46,46067,Hutchinson,2.776
43,SD,46,46069,Hyde,2.999
43,SD,46,46071,Jackson,2.949
43,SD,46,46073,Jerauld,2.784
43,SD,46,46075,Jones,2.759
43,SD,46,46077,Kingsbury,2.944
43,SD,46,46079,Lake,2.689
43,SD,46,46081,Lawrence,3.04
43,SD,46,46083,Lincoln,2.797
43,SD,46,46085,Lyman,3.065
43,SD,46,46091,Marshall,2.959
43,SD,46,46087,McCook,2.599
43,SD,46,46089,McPherson,3.499
43,SD,46,46093,Meade,3.003
43,SD,46,46095,Mellette,2.999
43,SD,46,46097,Miner,2.999
43,SD,46,46099,Minnehaha,2.678
43,SD,46,46101,Moody,2.792
43,SD,46,46103,Pennington,2.861
43,SD,46,46105,Perkins,2.849
43,SD,46,46107,Potter,2.896
43,SD,46,46109,Roberts,2.876
43,SD,46,46111,Sanborn,NA
43,SD,46,46113,Shannon,3.057
43,SD,46,46115,Spink,2.916
43,SD,46,46117,Stanley,3.082
43,SD,46,46119,Sully,NA
43,SD,46,46121,Todd,2.899
43,SD,46,46123,Tripp,2.949
43,SD,46,46125,Turner,2.749
43,SD,46,46127,Union,2.826
43,SD,46,46129,Walworth,3.017
43,SD,46,46135,Yankton,2.914
43,SD,46,46137,Ziebach,2.959
44,TN,47,47001,Anderson,2.607
44,TN,47,47003,Bedford,2.585
44,TN,47,47005,Benton,2.614
44,TN,47,47007,Bledsoe,2.781
44,TN,47,47009,Blount,2.708
44,TN,47,47011,Bradley,2.632
44,TN,47,47013,Campbell,2.646
44,TN,47,47015,Cannon,2.773
44,TN,47,47017,Carroll,2.653
44,TN,47,47019,Carter,2.597
44,TN,47,47021,Cheatham,2.719
44,TN,47,47023,Chester,2.759
44,TN,47,47025,Claiborne,2.613
44,TN,47,47027,Clay,2.724
44,TN,47,47029,Cocke,2.618
44,TN,47,47031,Coffee,2.646
44,TN,47,47033,Crockett,2.863
44,TN,47,47035,Cumberland,2.63
44,TN,47,47037,Davidson,2.759
44,TN,47,47039,Decatur,2.699
44,TN,47,47041,DeKalb,2.664
44,TN,47,47043,Dickson,2.619
44,TN,47,47045,Dyer,2.612
44,TN,47,47047,Fayette,2.692
44,TN,47,47049,Fentress,2.638
44,TN,47,47051,Franklin,2.634
44,TN,47,47053,Gibson,2.71
44,TN,47,47055,Giles,2.672
44,TN,47,47057,Grainger,2.745
44,TN,47,47059,Greene,2.579
44,TN,47,47061,Grundy,2.647
44,TN,47,47063,Hamblen,2.658
44,TN,47,47065,Hamilton,2.603
44,TN,47,47067,Hancock,2.689
44,TN,47,47069,Hardeman,2.68
44,TN,47,47071,Hardin,2.577
44,TN,47,47073,Hawkins,2.542
44,TN,47,47075,Haywood,2.853
44,TN,47,47077,Henderson,2.648
44,TN,47,47079,Henry,2.507
44,TN,47,47081,Hickman,2.669
44,TN,47,47083,Houston,2.799
44,TN,47,47085,Humphreys,2.546
44,TN,47,47087,Jackson,2.691
44,TN,47,47089,Jefferson,2.593
44,TN,47,47091,Johnson,2.667
44,TN,47,47093,Knox,2.669
44,TN,47,47095,Lake,2.632
44,TN,47,47097,Lauderdale,2.779
44,TN,47,47099,Lawrence,2.711
44,TN,47,47101,Lewis,2.684
44,TN,47,47103,Lincoln,2.591
44,TN,47,47105,Loudon,2.671
44,TN,47,47111,Macon,2.664
44,TN,47,47113,Madison,2.699
44,TN,47,47115,Marion,2.592
44,TN,47,47117,Marshall,2.703
44,TN,47,47119,Maury,2.666
44,TN,47,47107,McMinn,2.597
44,TN,47,47109,McNairy,2.671
44,TN,47,47121,Meigs,2.677
44,TN,47,47123,Monroe,2.629
44,TN,47,47125,Montgomery,2.621
44,TN,47,47127,Moore,2.699
44,TN,47,47129,Morgan,2.682
44,TN,47,47131,Obion,2.653
44,TN,47,47133,Overton,2.797
44,TN,47,47135,Perry,2.67
44,TN,47,47137,Pickett,2.744
44,TN,47,47139,Polk,2.731
44,TN,47,47141,Putnam,2.646
44,TN,47,47143,Rhea,2.605
44,TN,47,47145,Roane,2.686
44,TN,47,47147,Robertson,2.648
44,TN,47,47149,Rutherford,2.654
44,TN,47,47151,Scott,2.657
44,TN,47,47153,Sequatchie,2.644
44,TN,47,47155,Sevier,2.71
44,TN,47,47157,Shelby,2.687
44,TN,47,47159,Smith,2.708
44,TN,47,47161,Stewart,2.659
44,TN,47,47163,Sullivan,2.655
44,TN,47,47165,Sumner,2.616
44,TN,47,47167,Tipton,2.696
44,TN,47,47169,Trousdale,2.761
44,TN,47,47171,Unicoi,2.683
44,TN,47,47173,Union,2.79
44,TN,47,47175,Van Buren,2.799
44,TN,47,47177,Warren,2.755
44,TN,47,47179,Washington,2.689
44,TN,47,47181,Wayne,2.651
44,TN,47,47183,Weakley,2.661
44,TN,47,47185,White,2.667
44,TN,47,47187,Williamson,3.05
44,TN,47,47189,Wilson,2.629
45,TX,48,48001,Anderson,2.629
45,TX,48,48003,Andrews,2.709
45,TX,48,48005,Angelina,2.656
45,TX,48,48007,Aransas,2.481
45,TX,48,48009,Archer,2.681
45,TX,48,48011,Armstrong,2.599
45,TX,48,48013,Atascosa,2.728
45,TX,48,48015,Austin,2.615
45,TX,48,48017,Bailey,2.664
45,TX,48,48019,Bandera,2.801
45,TX,48,48021,Bastrop,2.75
45,TX,48,48023,Baylor,2.899
45,TX,48,48025,Bee,2.638
45,TX,48,48027,Bell,2.659
45,TX,48,48029,Bexar,2.875
45,TX,48,48031,Blanco,2.7
45,TX,48,48033,Borden,NA
45,TX,48,48035,Bosque,2.738
45,TX,48,48037,Bowie,2.611
45,TX,48,48039,Brazoria,2.529
45,TX,48,48041,Brazos,2.625
45,TX,48,48043,Brewster,3.229
45,TX,48,48045,Briscoe,2.639
45,TX,48,48047,Brooks,2.636
45,TX,48,48049,Brown,2.766
45,TX,48,48051,Burleson,2.621
45,TX,48,48053,Burnet,2.645
45,TX,48,48055,Caldwell,2.685
45,TX,48,48057,Calhoun,2.678
45,TX,48,48059,Callahan,2.729
45,TX,48,48061,Cameron,2.562
45,TX,48,48063,Camp,2.549
45,TX,48,48065,Carson,2.606
45,TX,48,48067,Cass,2.649
45,TX,48,48069,Castro,2.669
45,TX,48,48071,Chambers,2.647
45,TX,48,48073,Cherokee,2.642
45,TX,48,48075,Childress,2.434
45,TX,48,48077,Clay,2.753
45,TX,48,48079,Cochran,2.764
45,TX,48,48081,Coke,2.789
45,TX,48,48083,Coleman,2.738
45,TX,48,48085,Collin,2.772
45,TX,48,48087,Collingsworth,2.659
45,TX,48,48089,Colorado,2.656
45,TX,48,48091,Comal,2.931
45,TX,48,48093,Comanche,2.753
45,TX,48,48095,Concho,2.819
45,TX,48,48097,Cooke,2.722
45,TX,48,48099,Coryell,2.735
45,TX,48,48101,Cottle,2.974
45,TX,48,48103,Crane,2.789
45,TX,48,48105,Crockett,2.892
45,TX,48,48107,Crosby,2.517
45,TX,48,48109,Culberson,2.94
45,TX,48,48111,Dallam,2.656
45,TX,48,48113,Dallas,2.799
45,TX,48,48115,Dawson,2.655
45,TX,48,48117,Deaf Smith,2.492
45,TX,48,48119,Delta,2.766
45,TX,48,48121,Denton,2.784
45,TX,NA,NA,De Witt,2.693
45,TX,48,48125,Dickens,2.749
45,TX,48,48127,Dimmit,2.639
45,TX,48,48129,Donley,2.569
45,TX,48,48131,Duval,2.745
45,TX,48,48133,Eastland,2.752
45,TX,48,48135,Ector,2.627
45,TX,48,48137,Edwards,2.999
45,TX,48,48141,El Paso,2.675
45,TX,48,48139,Ellis,2.781
45,TX,48,48143,Erath,2.774
45,TX,48,48145,Falls,2.72
45,TX,48,48147,Fannin,2.663
45,TX,48,48149,Fayette,2.728
45,TX,48,48151,Fisher,2.899
45,TX,48,48153,Floyd,2.503
45,TX,48,48155,Foard,2.699
45,TX,48,48157,Fort Bend,2.535
45,TX,48,48159,Franklin,2.671
45,TX,48,48161,Freestone,2.663
45,TX,48,48163,Frio,2.787
45,TX,48,48165,Gaines,2.578
45,TX,48,48167,Galveston,2.587
45,TX,48,48169,Garza,2.512
45,TX,48,48171,Gillespie,2.782
45,TX,48,48173,Glasscock,2.916
45,TX,48,48175,Goliad,2.696
45,TX,48,48177,Gonzales,2.758
45,TX,48,48179,Gray,2.436
45,TX,48,48181,Grayson,2.587
45,TX,48,48183,Gregg,2.582
45,TX,48,48185,Grimes,2.694
45,TX,48,48187,Guadalupe,2.806
45,TX,48,48189,Hale,2.489
45,TX,48,48191,Hall,2.669
45,TX,48,48193,Hamilton,2.8
45,TX,48,48195,Hansford,2.636
45,TX,48,48197,Hardeman,2.699
45,TX,48,48199,Hardin,2.563
45,TX,48,48201,Harris,2.577
45,TX,48,48203,Harrison,2.685
45,TX,48,48205,Hartley,2.699
45,TX,48,48207,Haskell,2.789
45,TX,48,48209,Hays,2.851
45,TX,48,48211,Hemphill,2.759
45,TX,48,48213,Henderson,2.694
45,TX,48,48215,Hidalgo,2.548
45,TX,48,48217,Hill,2.694
45,TX,48,48219,Hockley,2.471
45,TX,48,48221,Hood,2.719
45,TX,48,48223,Hopkins,2.675
45,TX,48,48225,Houston,2.722
45,TX,48,48227,Howard,2.646
45,TX,48,48229,Hudspeth,3.022
45,TX,48,48231,Hunt,2.69
45,TX,48,48233,Hutchinson,2.537
45,TX,48,48235,Irion,2.787
45,TX,48,48237,Jack,2.809
45,TX,48,48239,Jackson,2.734
45,TX,48,48241,Jasper,2.593
45,TX,48,48243,Jeff Davis,3.219
45,TX,48,48245,Jefferson,2.574
45,TX,48,48247,Jim Hogg,2.679
45,TX,48,48249,Jim Wells,2.585
45,TX,48,48251,Johnson,2.725
45,TX,48,48253,Jones,2.764
45,TX,48,48255,Karnes,2.647
45,TX,48,48257,Kaufman,2.714
45,TX,48,48259,Kendall,2.926
45,TX,48,48261,Kenedy,NA
45,TX,48,48263,Kent,3.169
45,TX,48,48265,Kerr,2.945
45,TX,48,48267,Kimble,2.652
45,TX,48,48269,King,2.899
45,TX,48,48271,Kinney,2.559
45,TX,48,48273,Kleberg,2.565
45,TX,48,48275,Knox,2.859
45,TX,48,48283,La Salle,2.769
45,TX,48,48277,Lamar,2.627
45,TX,48,48279,Lamb,2.589
45,TX,48,48281,Lampasas,2.638
45,TX,48,48285,Lavaca,2.695
45,TX,48,48287,Lee,2.637
45,TX,48,48289,Leon,2.719
45,TX,48,48291,Liberty,2.623
45,TX,48,48293,Limestone,2.687
45,TX,48,48295,Lipscomb,2.586
45,TX,48,48297,Live Oak,2.638
45,TX,48,48299,Llano,2.691
45,TX,48,48301,Loving,3.099
45,TX,48,48303,Lubbock,2.397
45,TX,48,48305,Lynn,2.674
45,TX,48,48313,Madison,2.748
45,TX,48,48315,Marion,2.569
45,TX,48,48317,Martin,2.876
45,TX,48,48319,Mason,2.867
45,TX,48,48321,Matagorda,2.591
45,TX,48,48323,Maverick,2.678
45,TX,48,48307,McCulloch,2.859
45,TX,48,48309,McLennan,2.815
45,TX,48,48311,McMullen,2.632
45,TX,48,48325,Medina,2.683
45,TX,48,48327,Menard,2.874
45,TX,48,48329,Midland,2.61
45,TX,48,48331,Milam,2.61
45,TX,48,48333,Mills,2.721
45,TX,48,48335,Mitchell,2.773
45,TX,48,48337,Montague,2.78
45,TX,48,48339,Montgomery,2.569
45,TX,48,48341,Moore,2.522
45,TX,48,48343,Morris,2.683
45,TX,48,48345,Motley,2.899
45,TX,48,48347,Nacogdoches,2.626
45,TX,48,48349,Navarro,2.801
45,TX,48,48351,Newton,2.666
45,TX,48,48353,Nolan,2.61
45,TX,48,48355,Nueces,2.575
45,TX,48,48357,Ochiltree,2.564
45,TX,48,48359,Oldham,2.552
45,TX,48,48361,Orange,2.509
45,TX,48,48363,Palo Pinto,2.697
45,TX,48,48365,Panola,2.528
45,TX,48,48367,Parker,2.746
45,TX,48,48369,Parmer,2.558
45,TX,48,48371,Pecos,2.738
45,TX,48,48373,Polk,2.628
45,TX,48,48375,Potter,2.513
45,TX,48,48377,Presidio,3.199
45,TX,48,48379,Rains,2.557
45,TX,48,48381,Randall,2.506
45,TX,48,48383,Reagan,2.779
45,TX,48,48385,Real,2.899
45,TX,48,48387,Red River,2.701
45,TX,48,48389,Reeves,2.917
45,TX,48,48391,Refugio,2.705
45,TX,48,48393,Roberts,3.429
45,TX,48,48395,Robertson,2.668
45,TX,48,48397,Rockwall,2.78
45,TX,48,48399,Runnels,2.764
45,TX,48,48401,Rusk,2.692
45,TX,48,48403,Sabine,2.699
45,TX,48,48405,San Augustine,2.681
45,TX,48,48407,San Jacinto,2.573
45,TX,48,48409,San Patricio,2.583
45,TX,48,48411,San Saba,2.864
45,TX,48,48413,Schleicher,2.719
45,TX,48,48415,Scurry,2.756
45,TX,48,48417,Shackelford,2.766
45,TX,48,48419,Shelby,2.678
45,TX,48,48421,Sherman,2.656
45,TX,48,48423,Smith,2.567
45,TX,48,48425,Somervell,2.693
45,TX,48,48427,Starr,2.602
45,TX,48,48429,Stephens,2.716
45,TX,48,48431,Sterling,2.759
45,TX,48,48433,Stonewall,2.799
45,TX,48,48435,Sutton,2.734
45,TX,48,48437,Swisher,2.639
45,TX,48,48439,Tarrant,2.77
45,TX,48,48441,Taylor,2.734
45,TX,48,48443,Terrell,3.239
45,TX,48,48445,Terry,2.659
45,TX,48,48447,Throckmorton,2.899
45,TX,48,48449,Titus,2.704
45,TX,48,48451,Tom Green,2.594
45,TX,48,48453,Travis,2.85
45,TX,48,48455,Trinity,2.554
45,TX,48,48457,Tyler,2.582
45,TX,48,48459,Upshur,2.592
45,TX,48,48461,Upton,2.91
45,TX,48,48463,Uvalde,2.896
45,TX,48,48465,Val Verde,2.683
45,TX,48,48467,Van Zandt,2.637
45,TX,48,48469,Victoria,2.62
45,TX,48,48471,Walker,2.608
45,TX,48,48473,Waller,2.629
45,TX,48,48475,Ward,2.602
45,TX,48,48477,Washington,2.637
45,TX,48,48479,Webb,2.569
45,TX,48,48481,Wharton,2.602
45,TX,48,48483,Wheeler,2.699
45,TX,48,48485,Wichita,2.532
45,TX,48,48487,Wilbarger,2.489
45,TX,48,48489,Willacy,2.519
45,TX,48,48491,Williamson,2.858
45,TX,48,48493,Wilson,2.704
45,TX,48,48495,Winkler,2.836
45,TX,48,48497,Wise,2.734
45,TX,48,48499,Wood,2.582
45,TX,48,48501,Yoakum,2.66
45,TX,48,48503,Young,2.735
45,TX,48,48505,Zapata,2.878
45,TX,48,48507,Zavala,2.807
46,UT,49,49001,Beaver,3.504
46,UT,49,49003,Box Elder,3.139
46,UT,49,49005,Cache,3.18
46,UT,49,49007,Carbon,3.166
46,UT,49,49009,Daggett,3.606
46,UT,49,49011,Davis,3.148
46,UT,49,49013,Duchesne,3.294
46,UT,49,49015,Emery,3.38
46,UT,49,49017,Garfield,3.394
46,UT,49,49019,Grand,3.491
46,UT,49,49021,Iron,3.294
46,UT,49,49023,Juab,3.216
46,UT,49,49025,Kane,3.382
46,UT,49,49027,Millard,3.256
46,UT,49,49029,Morgan,3.341
46,UT,49,49031,Piute,3.572
46,UT,49,49033,Rich,3.424
46,UT,49,49035,Salt Lake,3.173
46,UT,49,49037,San Juan,3.428
46,UT,49,49039,Sanpete,3.317
46,UT,49,49041,Sevier,3.304
46,UT,49,49043,Summit,3.356
46,UT,49,49045,Tooele,3.203
46,UT,49,49047,Uintah,3.244
46,UT,49,49049,Utah,3.156
46,UT,49,49051,Wasatch,3.203
46,UT,49,49053,Washington,3.332
46,UT,49,49055,Wayne,3.502
46,UT,49,49057,Weber,3.166
47,VT,50,50001,Addison,3.128
47,VT,50,50003,Bennington,2.959
47,VT,50,50005,Caledonia,3.169
47,VT,50,50007,Chittenden,3.216
47,VT,50,50009,Essex,3.204
47,VT,50,50011,Franklin,3.175
47,VT,50,50013,Grand Isle,3.238
47,VT,50,50015,Lamoille,3.212
47,VT,50,50017,Orange,3.146
47,VT,50,50019,Orleans,3.142
47,VT,50,50021,Rutland,3.013
47,VT,50,50023,Washington,3.182
47,VT,50,50025,Windham,3.06
47,VT,50,50027,Windsor,3.049
48,VA,51,51001,Accomack,3.017
48,VA,51,51003,Albemarle,3.039
48,VA,51,51510,Alexandria City,3.029
48,VA,51,51005,Alleghany,2.859
48,VA,51,51007,Amelia,2.925
48,VA,51,51009,Amherst,2.918
48,VA,51,51011,Appomattox,2.833
48,VA,51,51013,Arlington,2.968
48,VA,51,51015,Augusta,2.841
48,VA,51,51017,Bath,2.989
48,VA,51,51019,Bedford,2.862
48,VA,51,51515,Bedford,2.862
48,VA,51,51019,Bedford City,2.799
48,VA,51,51515,Bedford City,2.799
48,VA,51,51021,Bland,2.782
48,VA,51,51023,Botetourt,2.91
48,VA,51,51520,Bristol,2.835
48,VA,51,51025,Brunswick,2.926
48,VA,51,51027,Buchanan,2.959
48,VA,51,51029,Buckingham,2.861
48,VA,51,51530,Buena Vista City,2.914
48,VA,51,51031,Campbell,2.777
48,VA,51,51033,Caroline,2.936
48,VA,51,51035,Carroll,2.795
48,VA,NA,NA,Charles City,3.009
48,VA,51,51037,Charlotte,2.866
48,VA,51,51540,Charlottesville City,3.046
48,VA,51,51550,Chesapeake City,2.967
48,VA,51,51041,Chesterfield,3.047
48,VA,51,51043,Clarke,3.082
48,VA,51,51560,Clifton Forge City,2.841
48,VA,51,51570,Colonial Heights City,3.016
48,VA,51,51580,Covington City,2.877
48,VA,51,51045,Craig,2.886
48,VA,51,51047,Culpeper,2.953
48,VA,51,51049,Cumberland,2.783
48,VA,51,51590,Danville City,2.769
48,VA,51,51051,Dickenson,2.865
48,VA,51,51053,Dinwiddie,2.886
48,VA,51,51595,Emporia City,2.75
48,VA,51,51057,Essex,2.977
48,VA,51,51059,Fairfax,3.053
48,VA,51,51600,Fairfax,3.053
48,VA,51,51059,Fairfax City,2.997
48,VA,51,51600,Fairfax City,2.997
48,VA,51,51610,Falls Church City,2.999
48,VA,51,51061,Fauquier,3.03
48,VA,51,51063,Floyd,2.857
48,VA,51,51065,Fluvanna,3.044
48,VA,51,51067,Franklin,2.84
48,VA,51,51620,Franklin,2.84
48,VA,51,51067,Franklin City,2.816
48,VA,51,51620,Franklin City,2.816
48,VA,51,51069,Frederick,3.046
48,VA,51,51630,Fredericksburg City,3.072
48,VA,51,51640,Galax City,2.77
48,VA,51,51071,Giles,2.884
48,VA,51,51073,Gloucester,2.897
48,VA,51,51075,Goochland,2.938
48,VA,51,51077,Grayson,2.792
48,VA,51,51079,Greene,3.046
48,VA,51,51081,Greensville,2.749
48,VA,51,51083,Halifax,2.952
48,VA,51,51650,Hampton City,2.957
48,VA,51,51085,Hanover,3.032
48,VA,51,51660,Harrisonburg City,3.044
48,VA,51,51087,Henrico,3.023
48,VA,51,51089,Henry,2.855
48,VA,51,51091,Highland,2.999
48,VA,51,51670,Hopewell City,2.92
48,VA,51,51093,Isle of Wight,2.946
48,VA,NA,NA,James City,2.99
48,VA,51,51097,King and Queen,2.831
48,VA,51,51099,King George,3.063
48,VA,51,51101,King William,2.865
48,VA,51,51103,Lancaster,2.958
48,VA,51,51105,Lee,2.838
48,VA,51,51678,Lexington City,3.074
48,VA,51,51107,Loudoun,3.064
48,VA,51,51109,Louisa,2.971
48,VA,51,51111,Lunenburg,2.845
48,VA,51,51680,Lynchburg City,2.825
48,VA,51,51113,Madison,3.024
48,VA,51,51683,Manassas City,3.054
48,VA,51,51685,Manassas Park City,NA
48,VA,51,51690,Martinsville City,2.927
48,VA,51,51115,Mathews,2.817
48,VA,51,51117,Mecklenburg,2.882
48,VA,51,51119,Middlesex,2.849
48,VA,51,51121,Montgomery,2.912
48,VA,51,51125,Nelson,2.972
48,VA,51,51127,New Kent,2.872
48,VA,51,51700,Newport News City,2.937
48,VA,51,51710,Norfolk City,2.955
48,VA,51,51131,Northampton,3.035
48,VA,51,51133,Northumberland,2.955
48,VA,51,51720,Norton City,2.831
48,VA,51,51135,Nottoway,2.946
48,VA,51,51137,Orange,3.029
48,VA,51,51139,Page,2.894
48,VA,51,51141,Patrick,2.869
48,VA,51,51730,Petersburg City,2.903
48,VA,51,51143,Pittsylvania,2.8
48,VA,51,51735,Poquoson City,2.979
48,VA,51,51740,Portsmouth City,2.964
48,VA,51,51145,Powhatan,2.918
48,VA,51,51147,Prince Edward,2.862
48,VA,51,51149,Prince George,2.882
48,VA,51,51153,Prince William,3.016
48,VA,51,51155,Pulaski,2.84
48,VA,51,51750,Radford City,2.846
48,VA,51,51157,Rappahannock,2.999
48,VA,51,51159,Richmond,2.949
48,VA,51,51760,Richmond,2.949
48,VA,51,51159,Richmond City,3.034
48,VA,51,51760,Richmond City,3.034
48,VA,51,51161,Roanoke,2.849
48,VA,51,51770,Roanoke,2.849
48,VA,51,51161,Roanoke City,2.807
48,VA,51,51770,Roanoke City,2.807
48,VA,51,51163,Rockbridge,2.911
48,VA,51,51165,Rockingham,2.918
48,VA,51,51167,Russell,2.936
48,VA,51,51775,Salem,2.906
48,VA,51,51169,Scott,2.845
48,VA,51,51171,Shenandoah,3.053
48,VA,51,51173,Smyth,2.838
48,VA,51,51175,Southampton,2.824
48,VA,51,51177,Spotsylvania,3.054
48,VA,51,51179,Stafford,3.098
48,VA,51,51790,Staunton City,2.864
48,VA,51,51800,Suffolk City,2.952
48,VA,51,51181,Surry,2.974
48,VA,51,51183,Sussex,2.965
48,VA,51,51185,Tazewell,2.872
48,VA,51,51810,Virginia Beach City,2.961
48,VA,51,51187,Warren,3.007
48,VA,51,51191,Washington,2.841
48,VA,51,51820,Waynesboro City,2.878
48,VA,51,51193,Westmoreland,2.898
48,VA,51,51830,Williamsburg City,NA
48,VA,51,51840,Winchester City,3.045
48,VA,51,51195,Wise,2.897
48,VA,51,51197,Wythe,2.803
48,VA,51,51199,York,2.938
49,WA,53,53001,Adams,4.063
49,WA,53,53003,Asotin,3.709
49,WA,53,53005,Benton,3.858
49,WA,53,53007,Chelan,4.018
49,WA,53,53009,Clallam,4.259
49,WA,53,53011,Clark,4.128
49,WA,53,53013,Columbia,4.174
49,WA,53,53015,Cowlitz,4.14
49,WA,53,53017,Douglas,3.849
49,WA,53,53019,Ferry,4.004
49,WA,53,53021,Franklin,3.687
49,WA,53,53023,Garfield,3.799
49,WA,53,53025,Grant,4.262
49,WA,53,53027,Grays Harbor,4.31
49,WA,53,53029,Island,3.946
49,WA,53,53031,Jefferson,4.382
49,WA,53,53033,King,4.565
49,WA,53,53035,Kitsap,4.192
49,WA,53,53037,Kittitas,4.119
49,WA,53,53039,Klickitat,4.171
49,WA,53,53041,Lewis,4.121
49,WA,53,53043,Lincoln,3.838
49,WA,53,53045,Mason,4.18
49,WA,53,53047,Okanogan,3.933
49,WA,53,53049,Pacific,4.509
49,WA,53,53051,Pend Oreille,3.986
49,WA,53,53053,Pierce,4.249
49,WA,53,53055,San Juan,5.229
49,WA,53,53057,Skagit,3.908
49,WA,53,53059,Skamania,4.284
49,WA,53,53061,Snohomish,4.214
49,WA,53,53063,Spokane,3.731
49,WA,53,53065,Stevens,3.698
49,WA,53,53067,Thurston,4.108
49,WA,53,53069,Wahkiakum,4.849
49,WA,53,53071,Walla Walla,4.025
49,WA,53,53073,Whatcom,3.931
49,WA,53,53075,Whitman,4.145
49,WA,53,53077,Yakima,3.919
50,WV,54,54001,Barbour,3.149
50,WV,54,54003,Berkeley,3.097
50,WV,54,54005,Boone,2.995
50,WV,54,54007,Braxton,2.753
50,WV,54,54009,Brooke,3.029
50,WV,54,54011,Cabell,2.919
50,WV,54,54013,Calhoun,3.009
50,WV,54,54015,Clay,2.993
50,WV,54,54017,Doddridge,3.009
50,WV,54,54019,Fayette,3.004
50,WV,54,54021,Gilmer,3.074
50,WV,54,54023,Grant,3.199
50,WV,54,54025,Greenbrier,2.769
50,WV,54,54027,Hampshire,3.05
50,WV,54,54029,Hancock,3.02
50,WV,54,54031,Hardy,3.206
50,WV,54,54033,Harrison,2.953
50,WV,54,54035,Jackson,3.083
50,WV,54,54037,Jefferson,2.942
50,WV,54,54039,Kanawha,3.016
50,WV,54,54041,Lewis,2.813
50,WV,54,54043,Lincoln,3.062
50,WV,54,54045,Logan,3.085
50,WV,54,54049,Marion,3.034
50,WV,54,54051,Marshall,2.786
50,WV,54,54053,Mason,2.932
50,WV,54,54047,McDowell,2.953
50,WV,54,54055,Mercer,2.956
50,WV,54,54057,Mineral,2.973
50,WV,54,54059,Mingo,2.99
50,WV,54,54061,Monongalia,2.963
50,WV,54,54063,Monroe,3.054
50,WV,54,54065,Morgan,3.009
50,WV,54,54067,Nicholas,3.046
50,WV,54,54069,Ohio,2.947
50,WV,54,54071,Pendleton,3.299
50,WV,54,54073,Pleasants,2.966
50,WV,54,54075,Pocahontas,2.944
50,WV,54,54077,Preston,3.155
50,WV,54,54079,Putnam,3.105
50,WV,54,54081,Raleigh,3.074
50,WV,54,54083,Randolph,2.87
50,WV,54,54085,Ritchie,3.051
50,WV,54,54087,Roane,3.013
50,WV,54,54089,Summers,2.922
50,WV,54,54091,Taylor,2.995
50,WV,54,54093,Tucker,3.199
50,WV,54,54095,Tyler,2.999
50,WV,54,54097,Upshur,3.111
50,WV,54,54099,Wayne,2.875
50,WV,54,54101,Webster,3.074
50,WV,54,54103,Wetzel,2.981
50,WV,54,54105,Wirt,2.999
50,WV,54,54107,Wood,2.967
50,WV,54,54109,Wyoming,3.02
51,WI,55,55001,Adams,2.799
51,WI,55,55003,Ashland,2.825
51,WI,55,55005,Barron,2.865
51,WI,55,55007,Bayfield,2.843
51,WI,55,55009,Brown,2.805
51,WI,55,55011,Buffalo,2.669
51,WI,55,55013,Burnett,2.751
51,WI,55,55015,Calumet,2.827
51,WI,55,55017,Chippewa,2.681
51,WI,55,55019,Clark,2.79
51,WI,55,55021,Columbia,2.745
51,WI,55,55023,Crawford,2.857
51,WI,55,55025,Dane,2.798
51,WI,55,55027,Dodge,2.76
51,WI,55,55029,Door,2.779
51,WI,55,55031,Douglas,2.577
51,WI,55,55033,Dunn,2.737
51,WI,55,55035,Eau Claire,2.644
51,WI,55,55037,Florence,2.892
51,WI,55,55039,Fond du Lac,2.756
51,WI,55,55041,Forest,2.872
51,WI,55,55043,Grant,2.933
51,WI,55,55045,Green,2.928
51,WI,55,55047,Green Lake,2.797
51,WI,55,55049,Iowa,2.916
51,WI,55,55051,Iron,2.976
51,WI,55,55053,Jackson,2.719
51,WI,55,55055,Jefferson,2.901
51,WI,55,55057,Juneau,2.737
51,WI,55,55059,Kenosha,2.793
51,WI,55,55061,Kewaunee,2.838
51,WI,55,55063,La Crosse,2.768
51,WI,55,55065,Lafayette,2.949
51,WI,55,55067,Langlade,2.881
51,WI,55,55069,Lincoln,2.803
51,WI,55,55071,Manitowoc,2.823
51,WI,55,55073,Marathon,2.765
51,WI,55,55075,Marinette,2.795
51,WI,55,55077,Marquette,2.81
51,WI,55,55078,Menominee,2.749
51,WI,55,55079,Milwaukee,2.769
51,WI,55,55081,Monroe,2.883
51,WI,55,55083,Oconto,2.902
51,WI,55,55085,Oneida,2.845
51,WI,55,55087,Outagamie,2.736
51,WI,55,55089,Ozaukee,2.847
51,WI,55,55091,Pepin,2.692
51,WI,55,55093,Pierce,2.831
51,WI,55,55095,Polk,2.774
51,WI,55,55097,Portage,2.791
51,WI,55,55099,Price,2.796
51,WI,55,55101,Racine,2.759
51,WI,55,55103,Richland,2.872
51,WI,55,55105,Rock,2.705
51,WI,55,55107,Rusk,2.777
51,WI,55,55111,Sauk,2.743
51,WI,55,55113,Sawyer,2.888
51,WI,55,55115,Shawano,2.761
51,WI,55,55117,Sheboygan,2.807
51,WI,55,55109,St. Croix,2.827
51,WI,55,55119,Taylor,2.796
51,WI,55,55121,Trempealeau,2.694
51,WI,55,55123,Vernon,2.846
51,WI,55,55125,Vilas,2.921
51,WI,55,55127,Walworth,2.845
51,WI,55,55129,Washburn,2.853
51,WI,55,55131,Washington,2.772
51,WI,55,55133,Waukesha,2.735
51,WI,55,55135,Waupaca,2.758
51,WI,55,55137,Waushara,2.787
51,WI,55,55139,Winnebago,2.707
51,WI,55,55141,Wood,2.728
52,WY,56,56001,Albany,2.812
52,WY,56,56003,Big Horn,2.948
52,WY,56,56005,Campbell,2.875
52,WY,56,56007,Carbon,2.885
52,WY,56,56009,Converse,2.612
52,WY,56,56011,Crook,2.95
52,WY,56,56013,Fremont,3.115
52,WY,56,56015,Goshen,2.922
52,WY,56,56017,Hot Springs,3.122
52,WY,56,56019,Johnson,2.712
52,WY,56,56021,Laramie,2.743
52,WY,56,56023,Lincoln,3.253
52,WY,56,56025,Natrona,2.493
52,WY,56,56027,Niobrara,3.049
52,WY,56,56029,Park,3.242
52,WY,56,56031,Platte,3.037
52,WY,56,56033,Sheridan,3.037
52,WY,56,56035,Sublette,3.136
52,WY,56,56037,Sweetwater,2.877
52,WY,56,56039,Teton,3.416
52,WY,56,56041,Uinta,2.996
52,WY,56,56043,Washakie,2.794
52,WY,56,56045,Weston,2.901